timestamp,status,people_beach,people_water,sky_brightness_pct,foam_coverage_pct,wave_freq_bpm
2026-05-29 16:39:36,TRACKING,10,1,63.9,7.1,0.0
2026-05-29 16:39:41,ANALYSING,10,1,63.9,6.46,9.4
2026-05-29 16:39:46,TRACKING,7,1,63.9,5.53,9.4
2026-05-29 16:39:51,TRACKING,9,1,63.9,5.69,9.4
2026-05-29 16:39:57,ANALYSING,10,1,63.8,6.37,9.5
2026-05-29 16:40:02,TRACKING,11,1,63.8,7.63,9.1
2026-05-29 16:40:07,TRACKING,13,1,63.8,7.97,9.8
2026-05-29 16:40:12,ANALYSING,8,1,63.8,7.74,9.9
2026-05-29 16:40:17,ANALYSING,9,0,63.9,8.3,9.8
2026-05-29 16:40:22,ANALYSING,10,1,63.9,9.06,9.8
2026-05-29 16:40:27,TRACKING,11,1,63.9,9.3,9.8
2026-05-29 16:40:33,ANALYSING,12,1,63.9,10.15,10.3
2026-05-29 16:40:39,ANALYSING,12,1,63.9,11.33,10.4
2026-05-29 16:40:44,TRACKING,8,1,63.7,9.0,10.6
2026-06-01 19:26:40,ANALYSING,3,0,55.7,10.51,0.0
2026-06-01 19:26:45,TRACKING,4,0,55.7,13.59,8.8
2026-06-01 19:26:50,TRACKING,4,0,55.6,11.34,8.8
2026-06-01 19:26:56,ANALYSING,4,0,55.6,9.39,7.2
2026-06-01 19:27:01,TRACKING,4,0,55.4,10.56,8.4
2026-06-01 19:27:06,ANALYSING,3,0,55.3,14.31,8.5
2026-06-01 19:27:11,TRACKING,5,0,55.1,11.64,8.5
2026-06-01 19:27:16,TRACKING,5,0,55.1,10.96,8.5
2026-06-01 19:27:21,ANALYSING,4,0,55.1,10.93,7.4
2026-06-01 19:27:26,ANALYSING,5,0,55.1,12.09,7.4
2026-06-01 19:27:31,TRACKING,4,0,55.3,13.69,6.7
2026-06-01 19:27:36,ANALYSING,4,0,55.1,11.22,7.2
2026-06-01 19:27:41,TRACKING,5,0,55.1,10.93,7.6
2026-06-01 19:27:46,TRACKING,4,0,55.1,10.88,7.9
2026-06-01 19:27:51,ANALYSING,4,0,55.0,10.92,8.2
2026-06-01 19:27:57,ANALYSING,5,0,54.5,11.25,8.4
2026-06-01 19:28:02,ANALYSING,4,0,54.5,12.6,8.4
2026-06-01 19:28:07,TRACKING,4,0,54.5,11.15,8.3
2026-06-01 19:28:12,ANALYSING,5,0,54.5,11.63,8.6
2026-06-01 19:28:17,TRACKING,4,0,54.5,12.58,8.5
2026-06-01 19:28:23,ANALYSING,5,0,54.5,13.0,8.6
2026-06-01 19:28:28,ANALYSING,4,0,54.2,13.21,8.9
2026-06-01 19:28:33,TRACKING,4,0,54.2,11.93,9.0
2026-06-01 19:28:38,ANALYSING,4,0,54.1,11.21,8.9
2026-06-01 19:28:43,TRACKING,4,0,54.0,10.49,9.1
2026-06-01 19:28:48,ANALYSING,4,0,54.0,9.86,9.2
2026-06-01 19:28:54,TRACKING,4,0,53.5,10.81,9.4
2026-06-01 19:28:59,ANALYSING,5,0,53.5,8.97,9.4
2026-06-01 19:29:04,ANALYSING,5,0,53.5,9.43,9.6
2026-06-01 19:29:09,TRACKING,5,0,53.5,8.58,9.6
2026-06-01 19:29:14,TRACKING,5,0,53.4,8.39,9.4
2026-06-01 19:29:19,ANALYSING,4,0,53.4,7.57,9.4
2026-06-01 19:29:25,ANALYSING,4,0,53.4,8.61,9.4
2026-06-01 19:29:30,TRACKING,3,0,53.4,9.75,9.4
2026-06-01 19:29:35,ANALYSING,4,0,53.3,9.55,8.6
2026-06-01 19:29:40,TRACKING,4,0,53.0,9.55,8.6
2026-06-01 19:29:45,ANALYSING,4,0,53.0,10.39,8.9
2026-06-01 19:29:50,ANALYSING,3,0,53.0,11.72,8.9
2026-06-01 19:29:55,TRACKING,4,0,53.0,11.81,8.9
2026-06-01 19:30:00,TRACKING,3,0,53.0,10.66,8.9
2026-06-01 19:30:05,ANALYSING,3,0,53.0,10.34,9.3
2026-06-01 19:30:10,TRACKING,3,0,53.0,10.3,9.4
2026-06-01 19:30:15,TRACKING,4,0,53.0,10.51,9.5
2026-06-01 19:30:21,ANALYSING,2,0,52.9,11.78,10.0
2026-06-01 19:30:26,TRACKING,2,0,52.5,7.94,10.1
2026-06-01 19:30:31,ANALYSING,2,0,52.5,7.45,10.1
2026-06-01 19:30:36,TRACKING,2,0,52.5,8.02,10.0
2026-06-01 19:30:41,ANALYSING,3,0,52.6,10.42,9.7
2026-06-01 19:30:46,ANALYSING,2,0,52.6,10.36,9.6
2026-06-01 19:30:51,TRACKING,3,0,52.6,10.39,9.7
2026-06-01 19:30:57,ANALYSING,2,0,52.6,9.83,9.8
2026-06-01 19:31:02,TRACKING,2,0,52.6,8.77,9.8
2026-06-01 19:31:07,ANALYSING,3,0,52.6,9.61,9.7
2026-06-01 19:31:12,ANALYSING,4,0,52.6,11.26,9.7
2026-06-01 19:31:17,ANALYSING,3,0,52.6,10.62,9.6
2026-06-01 19:31:22,TRACKING,3,0,52.6,10.7,9.5
2026-06-01 19:31:27,ANALYSING,2,0,52.6,9.94,9.4
2026-06-01 19:31:33,ANALYSING,2,0,52.6,8.85,9.5
2026-06-01 19:31:38,TRACKING,2,0,52.5,8.82,9.1
2026-06-01 19:31:43,ANALYSING,3,0,52.5,7.09,8.9
2026-06-01 19:31:48,ANALYSING,3,0,52.5,6.15,8.8
2026-06-01 19:31:53,TRACKING,3,0,52.5,6.28,8.4
2026-06-01 19:31:58,TRACKING,4,0,52.5,7.86,8.3
2026-06-01 19:32:03,TRACKING,3,0,52.4,9.2,8.4
2026-06-01 19:32:08,ANALYSING,4,0,52.4,9.19,8.5
2026-06-01 19:32:13,ANALYSING,3,0,52.4,8.62,9.3
2026-06-01 19:32:19,ANALYSING,4,0,52.4,7.67,9.3
2026-06-01 19:32:24,ANALYSING,2,0,52.1,6.61,9.3
2026-06-01 19:32:29,TRACKING,2,0,52.1,6.69,9.3
2026-06-01 19:32:34,ANALYSING,2,0,52.1,8.16,9.4
2026-06-01 19:32:39,TRACKING,3,0,52.1,9.08,9.4
2026-06-01 19:32:44,ANALYSING,3,0,51.9,10.91,9.4
2026-06-01 19:32:49,ANALYSING,3,0,51.9,11.78,9.0
2026-06-01 19:32:54,TRACKING,3,0,51.9,10.32,9.1
2026-06-01 19:32:59,TRACKING,4,0,51.9,7.56,9.1
2026-06-01 19:33:04,ANALYSING,4,0,52.1,6.6,8.8
2026-06-01 19:33:09,TRACKING,4,0,52.1,6.21,8.6
2026-06-01 19:33:15,ANALYSING,5,0,52.2,11.93,8.4
2026-06-01 19:33:20,ANALYSING,6,0,52.2,11.13,8.2
2026-06-01 19:33:25,TRACKING,5,0,52.2,9.6,8.1
2026-06-01 19:33:30,TRACKING,6,0,52.2,8.88,8.4
2026-06-01 19:33:36,ANALYSING,7,0,52.2,9.22,8.4
2026-06-01 19:33:41,TRACKING,7,0,52.2,11.8,8.2
2026-06-01 19:33:46,ANALYSING,6,0,52.2,12.29,8.2
2026-06-01 19:33:51,TRACKING,5,0,52.2,11.44,8.3
2026-06-01 19:33:56,ANALYSING,5,0,52.2,10.6,8.3
2026-06-01 19:34:01,TRACKING,5,0,52.1,10.44,8.6
2026-06-01 19:34:06,ANALYSING,3,0,52.1,10.42,8.7
2026-06-01 19:34:11,TRACKING,5,0,52.1,10.21,8.7
2026-06-01 19:34:16,ANALYSING,3,0,52.1,12.59,8.8
2026-06-01 19:34:21,TRACKING,4,0,51.9,11.89,8.9
2026-06-01 19:34:26,ANALYSING,3,0,52.0,15.34,9.3
2026-06-01 19:34:31,ANALYSING,5,0,52.0,12.84,9.0
2026-06-01 19:34:36,TRACKING,6,0,52.0,10.76,9.3
2026-06-01 19:34:41,TRACKING,6,0,52.1,10.32,9.4
2026-06-01 19:34:47,ANALYSING,6,0,52.1,11.52,9.5
2026-06-01 19:34:52,TRACKING,5,0,52.1,15.0,9.5
2026-06-01 19:34:57,ANALYSING,7,0,52.0,14.6,9.5
2026-06-01 19:35:02,ANALYSING,6,0,51.8,14.03,9.6
2026-06-01 19:35:07,TRACKING,7,0,51.8,12.76,9.5
2026-06-01 19:35:12,ANALYSING,6,0,51.9,14.73,9.1
2026-06-01 19:35:17,ANALYSING,6,0,51.9,14.03,9.0
2026-06-01 19:35:22,TRACKING,6,0,51.9,13.02,9.2
2026-06-01 19:35:28,ANALYSING,6,0,52.0,12.94,9.2
2026-06-01 19:35:33,ANALYSING,6,0,52.2,12.76,9.1
2026-06-01 19:35:38,TRACKING,5,0,52.2,10.05,9.3
2026-06-01 19:35:43,TRACKING,5,0,52.2,10.15,9.4
2026-06-01 19:35:48,ANALYSING,6,0,52.2,11.14,9.4
2026-06-01 19:35:54,ANALYSING,6,0,52.1,10.69,9.4
2026-06-01 19:35:59,ANALYSING,5,0,51.9,10.33,9.3
2026-06-01 19:36:04,TRACKING,5,0,51.8,10.36,9.6
2026-06-01 19:36:09,ANALYSING,5,0,51.8,12.18,9.6
2026-06-01 19:36:14,TRACKING,5,0,51.8,12.58,9.7
2026-06-01 19:36:20,ANALYSING,6,0,51.8,11.24,9.7
2026-06-01 19:36:25,TRACKING,7,0,51.7,11.12,9.6
2026-06-01 19:36:30,TRACKING,5,0,51.6,11.29,9.6
2026-06-01 19:36:35,TRACKING,6,0,51.6,10.88,9.7
2026-06-01 19:36:40,ANALYSING,3,0,51.6,9.5,9.7
2026-06-01 19:36:46,ANALYSING,3,1,51.9,8.77,9.4
2026-06-01 19:36:51,ANALYSING,3,1,54.0,7.56,9.4
2026-06-01 19:36:56,TRACKING,3,0,56.3,8.24,9.2
2026-06-01 19:37:01,ANALYSING,3,0,56.9,10.17,9.1
2026-06-01 19:37:06,ANALYSING,3,1,57.1,8.46,9.1
2026-06-01 19:37:12,ANALYSING,3,0,57.8,7.93,8.8
2026-06-01 19:37:17,TRACKING,3,2,59.2,9.96,8.8
2026-06-01 19:37:22,ANALYSING,2,1,58.9,9.16,9.0
2026-06-01 19:37:27,TRACKING,2,0,58.6,8.14,9.0
2026-06-01 19:37:32,TRACKING,2,2,58.6,7.89,9.0
2026-06-01 19:37:37,ANALYSING,2,2,58.8,8.04,8.6
2026-06-01 19:37:42,ANALYSING,2,0,60.0,12.55,8.7
2026-06-01 19:37:47,ANALYSING,2,1,60.0,13.2,8.7
2026-06-01 19:37:52,ANALYSING,2,1,60.0,12.59,8.8
2026-06-01 19:37:57,TRACKING,2,1,60.0,10.87,8.7
2026-06-01 19:38:03,ANALYSING,2,2,60.0,9.58,9.0
2026-06-01 19:38:08,TRACKING,2,2,59.9,8.02,8.9
2026-06-01 19:38:13,ANALYSING,2,2,59.9,8.27,9.0
2026-06-01 19:38:18,ANALYSING,2,0,58.9,9.34,8.9
2026-06-01 19:38:23,ANALYSING,2,1,58.4,9.58,8.9
2026-06-01 19:38:28,ANALYSING,2,1,59.7,11.63,8.9
2026-06-01 19:38:33,ANALYSING,2,0,59.7,10.97,8.9
2026-06-01 19:38:38,TRACKING,2,0,59.7,9.05,8.9
2026-06-01 19:38:44,ANALYSING,2,1,59.2,9.92,9.0
2026-06-01 19:38:49,TRACKING,2,0,58.1,10.51,9.0
2026-06-01 19:38:54,ANALYSING,2,1,57.4,10.27,9.1
2026-06-01 19:38:59,ANALYSING,2,1,56.5,11.46,9.0
2026-06-01 19:39:04,TRACKING,2,1,56.1,11.44,9.1
2026-06-01 19:39:09,ANALYSING,2,1,56.1,11.47,9.1
2026-06-01 19:39:14,TRACKING,2,2,56.2,10.14,9.2
2026-06-01 19:39:20,ANALYSING,2,1,56.0,9.23,9.1
2026-06-01 19:39:25,TRACKING,3,1,56.1,9.73,9.3
2026-06-01 19:39:30,TRACKING,3,1,56.7,10.58,9.2
2026-06-01 19:39:35,TRACKING,2,1,56.7,11.53,9.4
2026-06-01 19:39:40,TRACKING,2,0,56.2,11.08,9.5
2026-06-01 19:39:45,ANALYSING,2,0,56.2,11.3,9.5
2026-06-01 19:39:50,TRACKING,2,0,55.5,10.4,9.7
2026-06-01 19:39:55,ANALYSING,2,0,55.2,7.65,9.6
2026-06-01 19:40:00,TRACKING,2,0,55.2,6.72,9.8
2026-06-01 19:40:05,ANALYSING,2,0,55.2,6.84,9.8
2026-06-01 19:40:10,TRACKING,2,0,55.1,8.21,9.8
2026-06-01 19:40:16,ANALYSING,3,1,54.8,6.32,9.7
2026-06-01 19:40:21,TRACKING,2,1,54.6,6.72,9.7
2026-06-01 19:40:26,TRACKING,2,0,54.6,6.78,10.0
2026-06-01 19:40:31,TRACKING,3,2,54.6,8.39,9.9
2026-06-01 19:40:36,ANALYSING,4,1,54.6,6.86,9.8
2026-06-01 19:40:41,ANALYSING,3,2,54.5,5.26,9.6
2026-06-01 19:40:46,ANALYSING,3,0,54.5,5.48,9.5
2026-06-01 19:40:51,TRACKING,3,0,54.5,5.91,9.5
2026-06-01 19:40:56,TRACKING,3,0,54.5,6.96,9.4
2026-06-01 19:41:01,ANALYSING,4,0,54.5,7.18,9.5
2026-06-01 19:41:07,ANALYSING,3,0,54.3,8.92,9.4
2026-06-01 19:41:12,ANALYSING,3,0,54.0,5.06,9.5
2026-06-01 19:41:17,ANALYSING,3,0,54.0,4.59,9.5
2026-06-01 19:41:22,TRACKING,2,0,54.0,4.6,9.2
2026-06-01 19:41:27,ANALYSING,2,0,54.0,5.1,9.1
2026-06-01 19:41:32,TRACKING,3,0,54.2,5.82,8.9
2026-06-01 19:41:37,TRACKING,4,0,54.5,9.62,9.1
2026-06-01 19:41:42,ANALYSING,3,0,54.5,10.29,9.2
2026-06-01 19:41:47,TRACKING,4,0,54.5,9.38,9.2
2026-06-01 19:41:53,ANALYSING,3,0,54.5,8.29,9.1
2026-06-01 19:41:58,ANALYSING,3,0,54.3,7.63,8.9
2026-06-01 19:42:03,ANALYSING,3,0,54.6,12.47,8.8
2026-06-01 19:42:08,TRACKING,3,0,54.6,11.5,8.7
2026-06-01 19:42:13,ANALYSING,4,0,54.6,10.62,8.6
2026-06-01 19:42:18,TRACKING,4,0,54.6,10.13,8.6
2026-06-01 19:42:23,ANALYSING,4,0,54.3,8.75,8.6
2026-06-01 19:42:29,ANALYSING,4,0,54.3,7.7,8.5
2026-06-01 19:42:34,ANALYSING,4,0,54.4,7.79,8.3
2026-06-01 19:42:39,TRACKING,3,0,54.5,9.41,8.3
2026-06-01 19:42:44,ANALYSING,3,0,54.8,9.95,8.0
2026-06-01 19:42:49,TRACKING,3,0,55.0,11.07,8.0
2026-06-01 19:42:55,ANALYSING,3,0,54.9,8.28,8.2
2026-06-01 19:43:00,ANALYSING,3,0,54.9,8.63,8.2
2026-06-01 19:43:05,TRACKING,3,0,54.9,9.5,8.3
2026-06-01 19:43:10,ANALYSING,3,0,55.2,9.14,8.4
2026-06-01 19:43:15,TRACKING,3,0,55.3,8.39,8.4
2026-06-01 19:43:20,TRACKING,3,0,55.3,9.11,8.3
2026-06-01 19:43:25,ANALYSING,3,0,56.0,8.11,8.4
2026-06-01 19:43:30,ANALYSING,3,0,56.0,6.74,8.6
2026-06-01 19:43:36,ANALYSING,4,0,57.0,5.15,8.6
2026-06-01 19:43:41,ANALYSING,3,0,58.6,4.93,8.4
2026-06-01 19:43:46,TRACKING,3,0,59.7,6.19,8.5
2026-06-01 19:43:51,ANALYSING,3,0,59.7,8.52,8.7
2026-06-01 19:43:56,TRACKING,4,0,60.1,10.18,8.7
2026-06-01 19:44:01,ANALYSING,3,0,60.5,9.24,8.3
2026-06-01 19:44:06,TRACKING,3,0,60.5,7.65,8.4
2026-06-01 19:44:11,ANALYSING,3,0,61.3,9.03,8.7
2026-06-01 19:44:16,ANALYSING,3,0,61.3,8.63,8.7
2026-06-01 19:44:22,ANALYSING,3,0,61.3,8.69,8.9
2026-06-01 19:44:27,TRACKING,3,0,61.3,7.53,9.0
2026-06-01 19:44:32,ANALYSING,3,0,61.9,6.5,8.8
2026-06-01 19:44:37,TRACKING,3,0,62.6,8.99,8.8
2026-06-01 19:44:42,TRACKING,3,0,62.6,8.33,8.8
2026-06-01 19:44:47,TRACKING,3,0,62.6,8.16,8.9
2026-06-01 19:44:52,ANALYSING,3,0,62.6,6.94,8.9
2026-06-01 19:44:57,TRACKING,3,0,62.3,7.14,9.1
2026-06-01 19:45:02,ANALYSING,3,0,62.3,8.28,9.1
2026-06-01 19:45:07,ANALYSING,3,0,62.3,9.56,9.2
2026-06-01 19:45:13,ANALYSING,2,0,62.2,10.42,8.9
2026-06-01 19:45:18,ANALYSING,3,0,62.0,9.52,9.0
2026-06-01 19:45:23,ANALYSING,4,0,61.4,9.15,8.8
2026-06-01 19:45:28,TRACKING,4,0,61.4,8.16,8.9
2026-06-01 19:45:33,ANALYSING,4,0,61.4,7.41,9.1
2026-06-01 19:45:38,TRACKING,4,0,61.4,7.08,9.2
2026-06-01 19:45:43,ANALYSING,4,0,61.6,7.45,9.3
2026-06-01 19:45:48,ANALYSING,4,0,61.6,8.88,9.1
2026-06-01 19:45:53,ANALYSING,4,0,61.6,9.39,9.0
2026-06-01 19:45:58,TRACKING,4,0,61.6,8.59,9.1
2026-06-01 19:46:03,ANALYSING,4,0,61.3,7.78,9.0
2026-06-01 19:46:08,ANALYSING,4,0,61.5,7.09,9.2
2026-06-01 19:46:13,TRACKING,4,0,61.5,8.17,9.3
2026-06-01 19:46:18,TRACKING,4,0,61.5,8.72,9.3
2026-06-01 19:46:24,ANALYSING,4,0,61.5,8.0,9.4
2026-06-01 19:46:29,TRACKING,4,0,61.5,7.36,9.6
2026-06-01 19:46:34,TRACKING,4,0,61.4,6.1,9.6
2026-06-01 19:46:39,ANALYSING,4,0,61.4,6.31,9.3
2026-06-01 19:46:44,TRACKING,4,0,61.4,5.54,9.8
2026-06-01 19:46:49,ANALYSING,4,0,61.4,5.12,9.9
2026-06-01 19:46:54,ANALYSING,4,0,61.5,5.38,10.0
2026-06-01 19:47:00,ANALYSING,4,0,61.4,11.29,9.9
2026-06-01 19:47:05,ANALYSING,4,0,61.4,11.82,9.8
2026-06-01 19:47:10,TRACKING,4,0,61.4,10.68,9.7
2026-06-01 19:47:15,TRACKING,4,0,61.4,9.01,9.7
2026-06-01 19:47:20,ANALYSING,4,0,61.2,8.02,9.6
2026-06-01 19:47:25,TRACKING,4,0,61.2,8.19,9.7
2026-06-01 19:47:31,ANALYSING,4,0,61.2,9.3,9.7
2026-06-01 19:47:36,ANALYSING,4,0,61.2,11.25,9.5
2026-06-01 19:47:41,ANALYSING,4,0,61.3,13.52,9.4
2026-06-01 19:47:46,TRACKING,4,0,61.3,13.67,9.6
2026-06-01 19:47:52,ANALYSING,4,0,61.3,12.15,9.5
2026-06-01 19:47:57,ANALYSING,4,0,61.3,11.03,9.6
2026-06-01 19:48:02,TRACKING,4,0,61.6,9.96,9.6
2026-06-01 19:48:07,TRACKING,4,0,61.6,9.84,9.9
2026-06-01 19:48:12,ANALYSING,4,0,61.6,10.46,9.7
2026-06-01 19:48:17,ANALYSING,4,0,61.6,12.07,9.9
2026-06-01 19:48:22,TRACKING,4,0,61.8,12.27,9.9
2026-06-01 19:48:27,ANALYSING,4,0,61.8,13.5,9.7
2026-06-01 19:48:32,TRACKING,4,0,61.8,13.2,9.7
2026-06-01 19:48:37,TRACKING,4,0,61.8,11.51,9.6
2026-06-01 19:48:43,TRACKING,4,0,61.7,10.98,9.5
2026-06-01 19:48:48,TRACKING,4,0,61.1,13.29,9.6
2026-06-01 19:48:53,ANALYSING,4,0,61.1,13.72,9.6
2026-06-01 19:48:58,ANALYSING,4,0,61.1,12.62,9.5
2026-06-01 19:49:03,ANALYSING,4,0,61.1,11.2,9.4
2026-06-01 19:49:08,TRACKING,4,0,61.4,10.33,9.4
2026-06-01 19:49:13,TRACKING,4,0,61.8,10.84,9.4
2026-06-01 19:49:18,ANALYSING,4,0,62.3,11.39,9.3
2026-06-01 19:49:24,TRACKING,4,0,62.3,13.91,9.3
2026-06-01 19:49:29,ANALYSING,4,0,62.6,15.28,9.4
2026-06-01 19:49:34,ANALYSING,4,0,62.7,11.18,9.5
2026-06-01 19:49:39,ANALYSING,4,0,62.7,10.06,9.5
2026-06-01 19:49:44,TRACKING,4,0,62.7,9.24,9.5
2026-06-01 19:49:49,TRACKING,5,0,62.8,11.57,9.4
2026-06-01 19:49:54,ANALYSING,4,0,62.8,14.91,9.4
2026-06-01 19:50:00,ANALYSING,5,0,63.1,14.25,9.2
2026-06-01 19:50:05,ANALYSING,5,0,63.1,12.25,9.2
2026-06-01 19:50:10,TRACKING,5,0,63.0,11.56,9.3
2026-06-01 19:50:15,TRACKING,5,0,62.6,10.89,9.3
2026-06-01 19:50:20,ANALYSING,5,0,62.5,10.42,9.4
2026-06-01 19:50:25,TRACKING,5,0,62.5,11.01,9.7
2026-06-01 19:50:31,ANALYSING,5,0,62.6,10.8,9.7
2026-06-01 19:50:36,ANALYSING,5,0,62.9,11.5,9.8
2026-06-01 19:50:42,ANALYSING,5,0,62.9,13.31,9.8
2026-06-01 19:50:47,TRACKING,4,0,63.2,9.16,9.8
2026-06-01 19:50:52,TRACKING,4,0,63.2,8.1,9.8
2026-06-01 19:50:57,TRACKING,4,0,63.2,7.75,9.7
2026-06-01 19:51:02,ANALYSING,5,0,63.2,7.23,9.7
2026-06-01 19:51:07,TRACKING,5,0,63.2,7.31,10.0
2026-06-01 19:51:12,ANALYSING,5,0,63.2,7.26,10.1
2026-06-01 19:51:18,ANALYSING,5,0,63.2,7.16,10.1
2026-06-01 19:51:23,TRACKING,5,0,63.3,7.59,10.1
2026-06-01 19:51:28,ANALYSING,4,0,63.3,8.98,10.3
2026-06-01 19:51:33,TRACKING,5,0,63.3,9.84,10.3
2026-06-01 19:51:38,TRACKING,5,0,63.3,9.22,10.3
2026-06-01 19:51:43,ANALYSING,5,0,63.3,10.14,10.3
2026-06-01 19:51:48,TRACKING,5,0,63.3,9.47,10.1
2026-06-01 19:51:53,TRACKING,5,0,63.3,8.44,10.2
2026-06-01 19:51:59,ANALYSING,5,0,63.2,10.37,10.0
2026-06-01 19:52:04,ANALYSING,5,0,63.2,10.35,9.9
2026-06-01 19:52:09,TRACKING,5,0,63.0,10.55,9.8
2026-06-01 19:52:14,ANALYSING,5,0,63.0,10.46,9.8
2026-06-01 19:52:20,ANALYSING,5,0,63.0,9.61,9.9
2026-06-01 19:52:25,TRACKING,5,0,62.8,8.12,10.0
2026-06-01 19:52:30,ANALYSING,5,0,62.8,8.33,9.9
2026-06-01 19:52:35,ANALYSING,5,0,62.8,8.25,9.9
2026-06-01 19:52:40,TRACKING,4,0,62.8,10.32,9.8
2026-06-01 19:52:45,ANALYSING,4,0,62.8,9.45,10.3
2026-06-01 19:52:50,TRACKING,5,0,62.5,9.47,10.3
2026-06-01 19:52:55,ANALYSING,5,0,62.4,9.27,10.2
2026-06-01 19:53:00,TRACKING,4,0,61.8,8.95,10.2
2026-06-01 19:53:05,ANALYSING,5,0,61.8,8.41,10.2
2026-06-01 19:53:11,ANALYSING,5,0,61.8,8.04,10.1
2026-06-01 19:53:16,ANALYSING,5,0,61.8,9.13,10.2
2026-06-01 19:53:21,ANALYSING,5,0,61.8,9.6,10.2
2026-06-01 19:53:26,TRACKING,4,0,61.8,9.32,10.3
2026-06-01 19:53:31,TRACKING,4,0,61.6,10.86,10.3
2026-06-01 19:53:36,TRACKING,4,0,61.7,10.72,10.3
2026-06-01 19:53:41,TRACKING,4,0,61.7,9.83,10.4
2026-06-01 19:53:47,ANALYSING,4,0,61.7,8.53,10.4
2026-06-01 19:53:52,TRACKING,4,0,61.8,8.31,10.5
2026-06-01 19:53:57,ANALYSING,4,0,61.8,8.57,10.5
2026-06-01 19:54:02,TRACKING,4,0,61.8,10.94,10.4
2026-06-01 19:54:07,ANALYSING,4,0,61.8,11.4,10.5
2026-06-01 19:54:12,TRACKING,4,0,61.7,10.28,10.6
2026-06-01 19:54:17,ANALYSING,4,0,61.6,11.31,10.6
2026-06-01 19:54:22,TRACKING,4,0,61.2,9.79,10.4
2026-06-01 19:54:27,TRACKING,4,0,60.7,10.23,10.4
2026-06-01 19:54:32,TRACKING,4,0,60.8,10.54,10.4
2026-06-01 19:54:38,ANALYSING,4,0,61.3,9.97,10.4
2026-06-01 19:54:43,ANALYSING,4,0,61.3,10.36,10.5
2026-06-01 19:54:48,ANALYSING,4,0,61.3,10.82,10.6
2026-06-01 19:54:53,TRACKING,4,0,61.3,11.36,10.8
2026-06-01 19:54:58,ANALYSING,4,0,61.3,11.11,11.1
2026-06-01 19:55:03,ANALYSING,4,0,61.0,7.89,11.2
2026-06-01 19:55:08,TRACKING,4,0,61.0,7.56,11.2
2026-06-01 19:55:14,ANALYSING,4,0,61.0,8.44,11.0
2026-06-01 19:55:19,TRACKING,4,0,61.0,8.63,11.1
2026-06-01 19:55:24,ANALYSING,4,0,61.0,9.78,11.1
2026-06-01 19:55:29,ANALYSING,4,0,61.3,9.83,10.8
2026-06-01 19:55:34,TRACKING,4,0,61.1,9.5,10.9
2026-06-01 19:55:39,ANALYSING,4,0,60.5,10.07,11.1
2026-06-01 19:55:45,ANALYSING,4,0,59.8,8.74,11.1
2026-06-01 19:55:50,ANALYSING,4,0,59.7,10.43,10.9
2026-06-01 19:55:55,ANALYSING,4,0,59.7,12.0,10.9
2026-06-01 19:56:00,ANALYSING,4,0,59.7,11.39,10.6
2026-06-01 19:56:05,TRACKING,4,0,59.9,10.48,10.6
2026-06-01 19:56:11,ANALYSING,4,0,59.9,10.1,10.4
2026-06-01 19:56:16,ANALYSING,4,0,59.8,10.2,10.3
2026-06-01 19:56:21,TRACKING,4,0,58.6,8.93,10.1
2026-06-01 19:56:26,TRACKING,4,0,58.6,9.43,10.1
2026-06-01 19:56:32,ANALYSING,4,0,58.1,11.13,10.0
2026-06-01 19:56:37,ANALYSING,4,0,57.9,11.31,9.9
2026-06-01 19:56:42,TRACKING,4,0,59.1,8.18,9.9
2026-06-01 19:56:47,ANALYSING,4,0,59.7,6.64,9.5
2026-06-01 19:56:52,ANALYSING,3,0,59.6,6.04,9.6
2026-06-01 19:56:57,ANALYSING,4,0,58.9,8.33,9.5
2026-06-01 19:57:02,ANALYSING,4,0,58.3,9.51,9.1
2026-06-01 19:57:07,TRACKING,4,0,57.9,11.32,9.0
2026-06-01 19:57:12,TRACKING,4,0,57.9,12.24,9.1
2026-06-01 19:57:18,ANALYSING,4,0,58.0,11.19,9.2
2026-06-01 19:57:23,TRACKING,4,0,58.8,9.75,9.2
2026-06-01 19:57:28,TRACKING,4,0,58.7,9.75,9.4
2026-06-01 19:57:33,ANALYSING,4,0,58.4,10.45,9.4
2026-06-01 19:57:38,TRACKING,4,0,58.4,11.42,9.2
2026-06-01 19:57:43,ANALYSING,4,0,58.5,11.69,9.2
2026-06-01 19:57:48,ANALYSING,4,0,56.5,9.94,9.2
2026-06-01 19:57:53,TRACKING,4,0,56.5,8.7,9.1
2026-06-01 19:57:58,ANALYSING,4,0,56.5,7.97,8.7
2026-06-01 19:58:03,TRACKING,4,0,56.5,7.03,8.8
2026-06-01 19:58:09,ANALYSING,4,0,56.5,8.04,8.9
2026-06-01 19:58:14,TRACKING,4,0,56.4,8.13,8.9
2026-06-01 19:58:19,ANALYSING,4,0,56.4,8.6,9.2
2026-06-01 19:58:24,ANALYSING,3,0,56.7,7.99,9.3
2026-06-01 19:58:29,ANALYSING,4,0,56.7,6.88,9.3
2026-06-01 19:58:35,ANALYSING,4,0,56.6,8.04,9.1
2026-06-01 19:58:40,TRACKING,4,0,56.6,8.85,9.1
2026-06-01 19:58:45,ANALYSING,5,0,56.7,9.59,9.1
2026-06-01 19:58:50,ANALYSING,6,0,56.7,9.75,9.4
2026-06-01 19:58:55,ANALYSING,4,0,56.7,10.61,9.5
2026-06-01 19:59:00,TRACKING,5,0,56.7,10.41,9.6
2026-06-01 19:59:05,TRACKING,5,0,56.6,8.78,9.6
2026-06-01 19:59:10,ANALYSING,3,0,56.5,8.95,9.6
2026-06-01 19:59:15,ANALYSING,3,0,56.5,10.94,9.6
2026-06-01 19:59:21,TRACKING,6,0,56.5,11.38,9.7
2026-06-01 19:59:26,ANALYSING,5,0,56.5,11.77,9.7
2026-06-01 19:59:31,TRACKING,5,0,56.5,10.78,9.7
2026-06-01 19:59:36,ANALYSING,5,0,56.5,10.77,10.0
2026-06-01 19:59:41,TRACKING,5,0,56.5,9.75,10.1
2026-06-01 19:59:46,ANALYSING,5,0,56.5,9.02,10.0
2026-06-01 19:59:51,TRACKING,5,0,56.5,9.36,10.0
2026-06-01 19:59:57,ANALYSING,5,0,56.5,9.65,10.0
2026-06-01 20:00:02,TRACKING,5,0,57.0,10.83,9.7
2026-06-01 20:00:07,ANALYSING,4,0,57.0,10.58,9.8
2026-06-01 20:00:12,TRACKING,5,0,57.0,10.05,9.7
2026-06-01 20:00:17,ANALYSING,4,0,57.0,10.02,9.7
2026-06-01 20:00:22,ANALYSING,3,0,57.0,10.73,9.6
2026-06-01 20:00:27,TRACKING,4,0,57.0,10.89,9.5
2026-06-01 20:00:32,ANALYSING,4,0,57.0,8.77,9.7
2026-06-01 20:00:37,TRACKING,4,0,57.0,8.66,9.6
2026-06-01 20:00:42,TRACKING,4,0,57.0,8.16,9.6
2026-06-01 20:00:47,TRACKING,4,0,57.0,7.32,9.7
2026-06-01 20:00:52,ANALYSING,4,0,56.9,6.43,9.7
2026-06-01 20:00:57,ANALYSING,4,0,56.7,7.04,9.7
2026-06-01 20:01:02,TRACKING,4,0,56.7,8.03,9.2
2026-06-01 20:01:07,TRACKING,5,0,56.5,8.95,9.1
2026-06-01 20:01:12,ANALYSING,5,0,56.4,9.1,9.0
2026-06-01 20:01:18,ANALYSING,5,0,56.6,8.97,8.9
2026-06-01 20:01:23,ANALYSING,5,0,57.3,8.22,8.8
2026-06-01 20:01:28,ANALYSING,5,0,57.7,7.19,8.8
2026-06-01 20:01:33,ANALYSING,5,0,58.3,6.74,8.9
2026-06-01 20:01:38,TRACKING,5,0,58.3,7.2,8.9
2026-06-01 20:01:43,TRACKING,5,0,58.3,9.15,8.9
2026-06-01 20:01:48,ANALYSING,2,0,58.2,9.32,8.8
2026-06-01 20:01:54,ANALYSING,2,0,57.9,9.01,8.8
2026-06-01 20:01:59,TRACKING,2,0,57.9,7.76,8.8
2026-06-01 20:02:04,ANALYSING,5,0,59.3,7.18,8.7
2026-06-01 20:02:09,ANALYSING,5,0,59.7,7.42,8.6
2026-06-01 20:02:14,ANALYSING,5,0,59.7,8.68,8.6
2026-06-01 20:02:20,ANALYSING,5,0,59.8,8.66,8.6
2026-06-01 20:02:25,ANALYSING,5,0,59.9,7.82,8.6
2026-06-01 20:02:30,TRACKING,5,0,60.5,4.45,8.5
2026-06-01 20:02:35,ANALYSING,5,0,60.5,4.43,8.6
2026-06-01 20:02:40,TRACKING,5,0,60.5,4.79,8.9
2026-06-01 20:02:45,ANALYSING,5,0,60.5,7.44,8.9
2026-06-01 20:02:51,ANALYSING,5,0,60.6,7.09,8.9
2026-06-01 20:02:56,ANALYSING,5,0,60.5,6.49,9.0
2026-06-01 20:03:01,ANALYSING,5,0,60.5,7.44,9.0
2026-06-01 20:03:06,ANALYSING,5,0,60.5,7.1,9.1
2026-06-01 20:03:11,TRACKING,5,0,60.5,6.28,9.0
2026-06-01 20:03:16,TRACKING,5,0,60.5,6.21,9.0
2026-06-01 20:03:21,TRACKING,5,0,60.5,5.78,9.2
2026-06-01 20:03:26,ANALYSING,4,0,60.4,7.52,9.2
2026-06-01 20:03:31,TRACKING,5,0,60.4,6.25,9.2
2026-06-01 20:03:37,ANALYSING,5,0,60.4,5.21,9.2
2026-06-01 20:03:42,ANALYSING,5,0,60.4,7.17,8.9
2026-06-01 20:03:47,TRACKING,4,0,60.4,8.04,8.8
2026-06-01 20:03:52,TRACKING,5,0,60.4,8.39,9.2
2026-06-01 20:03:57,ANALYSING,4,0,60.4,9.13,9.2
2026-06-01 20:04:02,ANALYSING,5,0,60.4,10.08,9.2
2026-06-01 20:04:08,ANALYSING,5,0,60.5,10.6,9.4
2026-06-01 20:04:13,ANALYSING,5,0,60.5,8.05,9.4
2026-06-01 20:04:18,ANALYSING,4,0,60.5,9.67,9.5
2026-06-01 20:04:23,TRACKING,5,0,60.5,11.31,9.5
2026-06-01 20:04:28,TRACKING,5,0,60.5,12.98,9.4
2026-06-01 20:04:34,ANALYSING,4,0,60.3,13.11,8.5
2026-06-01 20:04:39,TRACKING,4,0,60.3,10.69,8.5
2026-06-01 20:04:44,ANALYSING,4,0,60.3,9.48,8.5
2026-06-01 20:04:49,TRACKING,4,0,60.3,8.62,8.5
2026-06-01 20:04:54,ANALYSING,4,0,60.3,8.98,9.0
2026-06-01 20:04:59,TRACKING,3,0,60.4,11.51,9.0
2026-06-01 20:05:04,ANALYSING,4,0,60.4,11.85,8.8
2026-06-01 20:05:10,TRACKING,5,0,60.4,12.06,8.8
2026-06-01 20:05:15,TRACKING,4,0,60.4,11.35,8.8
2026-06-01 20:05:20,TRACKING,4,0,60.4,10.44,8.7
2026-06-01 20:05:25,ANALYSING,4,0,60.3,8.89,8.5
2026-06-01 20:05:30,TRACKING,5,0,60.3,10.1,8.4
2026-06-01 20:05:35,ANALYSING,4,0,60.3,11.57,8.3
2026-06-01 20:05:40,TRACKING,5,0,60.3,11.14,8.2
2026-06-01 20:05:45,ANALYSING,4,0,60.4,11.52,8.3
2026-06-01 20:05:50,ANALYSING,3,0,60.2,8.9,8.2
2026-06-01 20:05:55,TRACKING,3,0,60.2,9.07,8.1
2026-06-01 20:06:00,TRACKING,3,0,60.2,9.64,7.9
2026-06-01 20:06:06,ANALYSING,3,0,60.2,9.92,7.9
2026-06-01 20:06:11,ANALYSING,3,0,60.3,10.38,7.9
2026-06-01 20:06:16,ANALYSING,4,0,60.3,9.67,7.9
2026-06-01 20:06:21,TRACKING,4,0,60.3,8.93,7.7
2026-06-01 20:06:26,ANALYSING,4,0,60.3,7.16,8.0
2026-06-01 20:06:31,ANALYSING,4,0,60.2,6.69,8.1
2026-06-01 20:06:36,TRACKING,4,0,60.2,6.56,8.2
2026-06-01 20:06:41,ANALYSING,4,0,60.3,5.42,8.4
2026-06-01 20:06:46,TRACKING,4,0,60.3,6.1,8.5
2026-06-01 20:06:51,ANALYSING,4,0,60.3,7.4,8.4
2026-06-01 20:06:56,TRACKING,4,0,60.3,7.07,8.5
2026-06-01 20:07:02,TRACKING,5,0,60.2,7.71,8.6
2026-06-01 20:07:07,ANALYSING,5,0,60.2,7.38,8.4
2026-06-01 20:07:12,ANALYSING,5,0,60.3,7.67,9.0
2026-06-01 20:07:17,ANALYSING,5,0,60.3,9.02,9.1
2026-06-01 20:07:22,ANALYSING,5,0,60.2,9.45,9.3
2026-06-01 20:07:27,TRACKING,5,0,60.2,9.66,9.3
2026-06-01 20:07:33,TRACKING,5,0,60.2,9.16,9.3
2026-06-01 20:07:38,TRACKING,5,0,60.2,9.24,9.3
2026-06-01 20:07:43,ANALYSING,5,0,60.2,8.03,9.3
2026-06-01 20:07:48,TRACKING,5,0,59.6,5.74,9.2
2026-06-01 20:07:53,ANALYSING,5,0,59.1,5.23,9.3
2026-06-01 20:07:58,ANALYSING,3,0,58.0,6.4,9.3
2026-06-01 20:08:03,ANALYSING,1,0,54.5,7.55,9.1
2026-06-01 20:08:08,TRACKING,3,0,53.3,7.54,9.3
2026-06-01 20:08:13,ANALYSING,3,0,52.7,5.57,9.6
2026-06-01 20:08:19,ANALYSING,4,0,54.2,5.17,9.6
2026-06-01 20:08:24,TRACKING,4,0,56.2,5.35,9.9
2026-06-01 20:08:29,TRACKING,4,0,57.0,5.87,9.8
2026-06-01 20:08:34,ANALYSING,1,0,57.5,4.62,9.8
2026-06-01 20:08:39,TRACKING,4,0,57.9,5.82,9.6
2026-06-01 20:08:44,TRACKING,4,0,58.3,7.86,9.6
2026-06-01 20:08:49,TRACKING,4,0,58.3,8.71,9.8
2026-06-01 20:08:54,ANALYSING,4,0,58.3,8.46,9.8
2026-06-01 20:08:59,ANALYSING,3,0,58.4,7.73,9.8
2026-06-01 20:09:05,ANALYSING,4,0,59.0,8.55,9.8
2026-06-01 20:09:10,TRACKING,4,0,58.9,8.96,9.9
2026-06-01 20:09:15,ANALYSING,4,0,59.0,8.71,10.0
2026-06-01 20:09:20,ANALYSING,4,0,59.0,9.3,9.9
2026-06-01 20:09:25,TRACKING,4,0,59.0,9.71,10.0
2026-06-01 20:09:30,TRACKING,4,0,59.1,8.22,10.0
2026-06-01 20:09:35,TRACKING,2,0,59.1,8.56,10.1
2026-06-01 20:09:40,ANALYSING,4,0,59.1,7.2,10.1
2026-06-01 20:09:45,TRACKING,3,0,59.3,6.98,10.0
2026-06-01 20:09:50,ANALYSING,4,0,59.3,7.19,10.0
2026-06-01 20:09:55,TRACKING,4,0,59.3,7.44,9.9
2026-06-01 20:10:00,ANALYSING,4,0,59.4,8.35,10.3
2026-06-01 20:10:06,TRACKING,5,0,59.4,6.27,10.3
2026-06-01 20:10:11,ANALYSING,3,0,59.4,5.88,10.1
2026-06-01 20:10:16,TRACKING,3,0,59.4,6.0,10.0
2026-06-01 20:10:21,ANALYSING,3,0,59.5,5.51,10.0
2026-06-01 20:10:26,ANALYSING,3,0,59.5,5.21,10.1
2026-06-01 20:10:31,ANALYSING,4,0,59.5,6.83,10.1
2026-06-01 20:10:36,TRACKING,5,0,59.5,7.61,10.1
2026-06-01 20:10:41,ANALYSING,5,0,59.5,7.34,10.2
2026-06-01 20:10:46,ANALYSING,5,0,59.5,6.59,10.3
2026-06-01 20:10:52,ANALYSING,6,0,59.7,6.88,10.3
2026-06-01 20:10:57,ANALYSING,5,0,59.7,7.94,10.4
2026-06-01 20:11:02,ANALYSING,6,0,59.7,7.67,10.5
2026-06-01 20:11:08,ANALYSING,6,0,59.7,7.87,10.3
2026-06-01 20:11:13,ANALYSING,6,0,59.7,7.96,10.4
2026-06-01 20:11:18,TRACKING,6,0,59.7,7.67,10.4
2026-06-01 20:11:23,TRACKING,6,0,59.7,8.51,10.3
2026-06-01 20:11:28,ANALYSING,6,0,56.8,6.5,10.7
2026-06-01 20:11:33,TRACKING,6,0,56.8,6.16,10.7
2026-06-01 20:11:38,ANALYSING,6,0,56.8,7.31,10.7
2026-06-01 20:11:44,ANALYSING,6,0,57.3,8.25,10.5
2026-06-01 20:11:49,ANALYSING,6,0,57.7,9.88,10.4
2026-06-01 20:11:54,ANALYSING,4,0,59.5,9.64,10.1
2026-06-01 20:11:59,TRACKING,4,0,59.5,9.91,10.1
2026-06-01 20:12:04,TRACKING,4,0,59.5,10.05,10.1
2026-06-01 20:12:09,ANALYSING,4,0,59.6,10.75,10.1
2026-06-01 20:12:15,ANALYSING,4,0,59.6,10.51,10.1
2026-06-01 20:12:23,ANALYSING,4,0,59.7,10.37,9.9
2026-06-01 20:12:28,ANALYSING,4,0,59.7,10.42,9.6
2026-06-01 20:12:33,TRACKING,5,0,59.7,10.54,9.5
2026-06-01 20:12:39,ANALYSING,4,0,59.7,10.81,9.6
2026-06-01 20:12:45,ANALYSING,4,0,59.7,11.86,9.6
2026-06-01 20:12:50,ANALYSING,4,0,59.8,11.4,9.5
2026-06-01 20:12:55,TRACKING,5,0,59.8,10.98,9.5
2026-06-01 20:13:00,ANALYSING,5,0,59.8,10.44,9.4
2026-06-01 20:13:05,ANALYSING,5,0,59.7,9.53,9.6
2026-06-01 20:13:10,TRACKING,5,0,59.4,7.75,9.6
2026-06-01 20:13:15,TRACKING,6,0,59.4,6.83,9.5
2026-06-01 20:13:20,TRACKING,5,0,59.7,11.37,9.2
2026-06-01 20:13:25,ANALYSING,5,0,59.8,11.63,9.3
2026-06-01 20:13:30,ANALYSING,5,0,59.8,11.3,9.3
2026-06-01 20:13:36,ANALYSING,4,0,59.6,10.11,9.2
2026-06-01 20:13:41,TRACKING,4,0,59.6,8.55,9.1
2026-06-01 20:13:46,ANALYSING,4,0,59.6,10.69,9.0
2026-06-01 20:13:51,TRACKING,4,0,59.7,12.07,9.0
2026-06-01 20:13:56,ANALYSING,4,0,59.7,11.11,8.9
2026-06-01 20:14:01,TRACKING,4,0,60.1,9.21,8.8
2026-06-01 20:14:06,ANALYSING,4,0,60.1,7.5,8.9
2026-06-01 20:14:12,ANALYSING,4,0,60.1,6.0,8.8
2026-06-01 20:14:17,TRACKING,4,0,60.1,6.46,8.9
2026-06-01 20:14:22,ANALYSING,4,0,60.1,5.4,8.9
2026-06-01 20:14:27,TRACKING,4,0,60.1,4.73,8.6
2026-06-01 20:14:32,ANALYSING,5,0,60.2,5.78,8.8
2026-06-01 20:14:37,TRACKING,4,0,60.2,6.6,8.8
2026-06-01 20:14:42,TRACKING,3,0,60.4,6.84,9.1
2026-06-01 20:14:47,TRACKING,4,0,60.4,6.41,9.2
2026-06-01 20:14:52,ANALYSING,4,0,60.4,5.39,9.3
2026-06-01 20:14:58,ANALYSING,4,0,60.4,6.51,9.4
2026-06-01 20:15:03,ANALYSING,4,0,60.4,7.26,9.3
2026-06-01 20:15:08,ANALYSING,4,0,60.4,7.46,9.2
2026-06-01 20:15:13,ANALYSING,4,0,60.4,6.91,9.3
2026-06-01 20:15:18,TRACKING,4,0,60.4,7.34,9.6
2026-06-01 20:15:23,TRACKING,4,0,60.4,8.12,9.6
2026-06-01 20:15:28,TRACKING,4,0,60.4,9.05,9.9
2026-06-01 20:15:33,TRACKING,4,0,60.4,6.79,9.9
2026-06-01 20:15:38,ANALYSING,3,0,60.4,6.29,9.8
2026-06-01 20:15:43,TRACKING,4,0,60.6,6.65,9.3
2026-06-01 20:15:48,ANALYSING,4,0,60.6,7.39,9.3
2026-06-01 20:15:53,TRACKING,4,0,60.6,5.53,9.5
2026-06-01 20:15:58,TRACKING,4,0,60.8,5.15,9.4
2026-06-01 20:16:03,ANALYSING,4,0,60.8,5.55,9.3
2026-06-01 20:16:09,ANALYSING,4,0,60.9,8.75,9.3
2026-06-01 20:16:14,TRACKING,4,0,61.0,11.11,9.3
2026-06-01 20:16:19,ANALYSING,4,0,61.0,9.0,9.2
2026-06-01 20:16:24,TRACKING,4,0,61.0,8.87,9.0
2026-06-01 20:16:29,ANALYSING,4,0,61.0,9.02,9.1
2026-06-01 20:16:34,ANALYSING,4,0,61.2,9.39,9.2
2026-06-01 20:16:39,TRACKING,4,0,61.2,9.93,9.3
2026-06-01 20:16:44,TRACKING,4,0,61.0,8.9,9.4
2026-06-01 20:16:49,ANALYSING,4,0,61.0,9.36,9.5
2026-06-01 20:16:54,TRACKING,4,0,61.0,9.61,9.6
2026-06-01 20:16:59,ANALYSING,4,0,61.3,10.16,9.6
2026-06-01 20:17:04,ANALYSING,4,0,61.3,9.02,9.8
2026-06-01 20:17:09,ANALYSING,5,0,61.2,9.15,9.8
2026-06-01 20:17:14,TRACKING,5,0,61.3,7.06,9.8
2026-06-01 20:17:20,TRACKING,6,0,61.8,4.88,10.0
2026-06-01 20:17:25,TRACKING,6,0,61.8,3.72,9.6
2026-06-01 20:17:30,ANALYSING,6,0,61.8,5.76,9.7
2026-06-01 20:17:35,TRACKING,6,0,61.7,6.4,9.6
2026-06-01 20:17:40,ANALYSING,6,0,61.7,6.03,9.6
2026-06-01 20:17:45,ANALYSING,6,0,61.7,6.34,9.5
2026-06-01 20:17:51,ANALYSING,6,0,61.7,6.16,9.3
2026-06-01 20:17:56,TRACKING,6,0,61.4,5.58,9.3
2026-06-01 20:18:01,TRACKING,6,0,61.0,6.3,9.4
2026-06-01 20:18:06,ANALYSING,3,0,61.0,7.4,9.3
2026-06-01 20:18:11,ANALYSING,5,0,61.0,5.98,9.3
2026-06-01 20:18:16,TRACKING,4,0,61.0,6.49,9.3
2026-06-01 20:18:22,ANALYSING,3,0,61.2,6.08,9.2
2026-06-01 20:18:27,ANALYSING,4,0,61.1,6.55,9.7
2026-06-01 20:18:32,ANALYSING,5,0,61.1,7.33,9.7
2026-06-01 20:18:37,TRACKING,6,0,61.1,7.49,9.8
2026-06-01 20:18:42,TRACKING,5,0,61.1,7.12,9.8
2026-06-01 20:18:47,ANALYSING,6,0,60.8,7.16,9.7
2026-06-01 20:18:52,TRACKING,6,0,60.8,6.17,9.8
2026-06-01 20:18:57,TRACKING,6,0,60.8,8.22,9.9
2026-06-01 20:19:02,TRACKING,6,0,60.8,8.16,9.9
2026-06-01 20:19:07,ANALYSING,5,0,60.8,8.43,10.3
2026-06-01 20:19:12,TRACKING,2,0,60.7,7.89,10.4
2026-06-01 20:19:18,ANALYSING,2,0,60.7,7.64,10.6
2026-06-01 20:19:23,TRACKING,2,0,60.7,6.25,10.5
2026-06-01 20:19:28,ANALYSING,4,0,60.7,6.6,10.5
2026-06-01 20:19:33,TRACKING,4,0,60.7,6.02,10.4
2026-06-01 20:19:38,TRACKING,4,0,60.7,8.25,10.5
2026-06-01 20:19:43,ANALYSING,4,0,60.7,9.48,10.4
2026-06-01 20:19:48,TRACKING,3,0,60.7,8.57,10.2
2026-06-01 20:19:53,TRACKING,3,0,60.4,6.95,10.2
2026-06-01 20:19:58,TRACKING,3,0,60.4,7.06,9.9
2026-06-01 20:20:03,ANALYSING,3,0,60.4,8.36,10.0
2026-06-01 20:20:09,ANALYSING,2,0,60.4,9.19,10.0
2026-06-01 20:20:14,ANALYSING,3,0,60.4,10.95,10.4
2026-06-01 20:20:19,ANALYSING,3,0,60.4,10.14,10.4
2026-06-01 20:20:24,ANALYSING,3,0,60.4,9.8,10.3
2026-06-01 20:20:29,ANALYSING,3,0,60.4,9.86,10.4
2026-06-01 20:20:34,TRACKING,2,0,60.4,10.01,10.4
2026-06-01 20:20:39,ANALYSING,3,0,60.4,9.71,10.7
2026-06-01 20:20:44,TRACKING,3,0,60.3,9.72,10.7
2026-06-01 20:20:49,ANALYSING,3,0,60.2,9.93,10.6
2026-06-01 20:20:55,ANALYSING,3,0,60.2,9.19,10.6
2026-06-01 20:21:00,ANALYSING,2,0,60.2,8.93,10.8
2026-06-01 20:21:05,ANALYSING,3,0,60.2,11.07,10.7
2026-06-01 20:21:11,ANALYSING,3,0,60.2,11.96,10.4
2026-06-01 20:21:16,ANALYSING,3,0,60.3,8.54,10.5
2026-06-01 20:21:21,TRACKING,3,0,60.3,7.32,10.5
2026-06-01 20:21:26,ANALYSING,3,0,60.3,6.53,10.5
2026-06-01 20:21:31,TRACKING,3,0,60.3,6.68,10.5
2026-06-01 20:21:36,ANALYSING,3,0,60.3,8.66,10.4
2026-06-01 20:21:41,TRACKING,2,0,60.3,9.07,10.1
2026-06-01 20:21:46,ANALYSING,2,0,60.3,6.67,10.1
2026-06-01 20:21:52,TRACKING,2,0,60.1,6.01,10.1
2026-06-01 20:21:57,TRACKING,2,0,60.1,6.32,10.1
2026-06-01 20:22:02,ANALYSING,3,0,60.2,6.57,10.0
2026-06-01 20:22:07,TRACKING,2,0,60.2,7.11,9.9
2026-06-01 20:22:12,TRACKING,2,0,60.2,8.35,9.3
2026-06-01 20:22:17,TRACKING,3,0,60.2,7.54,9.2
2026-06-01 20:22:22,ANALYSING,4,0,60.8,8.38,9.0
2026-06-01 20:22:27,TRACKING,5,0,60.8,8.63,9.0
2026-06-01 20:22:32,ANALYSING,3,0,60.4,7.15,8.9
2026-06-01 20:22:37,TRACKING,4,0,60.2,7.68,9.0
2026-06-01 20:22:42,TRACKING,4,0,60.2,7.64,9.1
2026-06-01 20:22:48,ANALYSING,4,0,60.2,6.84,9.1
2026-06-01 20:22:53,TRACKING,4,0,60.1,5.92,9.1
2026-06-01 20:22:58,ANALYSING,3,0,60.1,5.75,9.1
2026-06-01 20:23:04,ANALYSING,5,0,60.3,7.53,9.2
2026-06-01 20:23:09,ANALYSING,5,0,60.3,7.47,9.2
2026-06-01 20:23:14,ANALYSING,4,0,60.3,7.1,9.2
2026-06-01 20:23:19,ANALYSING,4,0,60.3,6.38,9.3
2026-06-01 20:23:25,ANALYSING,3,0,60.3,7.28,9.1
2026-06-01 20:23:30,TRACKING,4,0,60.2,7.37,9.1
2026-06-01 20:23:35,TRACKING,4,0,60.2,7.33,9.0
2026-06-01 20:23:40,ANALYSING,3,0,60.2,6.95,8.8
2026-06-01 20:23:46,ANALYSING,2,0,60.2,7.79,8.9
2026-06-01 20:23:51,TRACKING,4,0,60.3,9.25,8.9
2026-06-01 20:23:56,TRACKING,5,0,60.2,6.42,8.9
2026-06-01 20:24:01,ANALYSING,5,0,60.2,6.03,9.0
2026-06-01 20:24:06,TRACKING,5,0,60.2,7.55,9.0
2026-06-01 20:24:11,ANALYSING,5,0,60.2,8.7,8.9
2026-06-01 20:24:16,ANALYSING,4,0,60.2,9.94,8.9
2026-06-01 20:24:21,ANALYSING,4,0,60.1,8.05,8.9
2026-06-01 20:24:26,TRACKING,4,0,60.1,7.26,8.9
2026-06-01 20:24:31,TRACKING,4,0,60.1,6.81,9.2
2026-06-01 20:24:36,TRACKING,4,1,60.1,7.09,9.2
2026-06-01 20:24:41,ANALYSING,4,1,60.1,8.01,9.1
2026-06-01 20:24:47,ANALYSING,4,1,60.3,10.46,9.1
2026-06-01 20:24:52,ANALYSING,4,1,60.3,10.71,9.0
2026-06-01 20:24:57,ANALYSING,3,1,60.3,9.53,9.0
2026-06-01 20:25:02,TRACKING,4,0,60.2,9.59,9.5
2026-06-01 20:25:07,TRACKING,3,1,60.2,7.87,9.5
2026-06-01 20:25:12,ANALYSING,3,1,60.2,9.71,9.6
2026-06-01 20:25:17,ANALYSING,3,0,60.2,10.41,9.5
2026-06-01 20:25:22,TRACKING,3,1,60.2,7.61,9.6
2026-06-01 20:25:27,ANALYSING,3,0,60.2,6.64,9.6
2026-06-01 20:25:32,TRACKING,3,0,60.2,6.85,9.6
2026-06-01 20:25:37,TRACKING,3,0,60.2,7.32,9.6
2026-06-01 20:25:42,ANALYSING,3,0,60.1,8.98,9.7
2026-06-01 20:25:47,ANALYSING,3,0,60.1,8.9,9.7
2026-06-01 20:25:53,TRACKING,3,0,60.1,8.6,9.7
2026-06-01 20:25:58,ANALYSING,3,0,60.1,8.14,9.6
2026-06-01 20:26:03,TRACKING,4,0,60.1,7.66,9.6
2026-06-01 20:26:08,ANALYSING,4,0,60.4,8.4,9.5
2026-06-01 20:26:13,ANALYSING,4,0,60.4,8.01,9.5
2026-06-01 20:26:18,TRACKING,4,0,60.4,7.56,9.7
2026-06-01 20:26:23,ANALYSING,4,0,60.4,6.1,9.7
2026-06-01 20:26:29,ANALYSING,4,0,60.4,5.73,9.4
2026-06-01 20:26:34,TRACKING,4,0,60.5,9.2,9.5
2026-06-01 20:26:39,ANALYSING,3,0,60.5,8.81,9.5
2026-06-01 20:26:44,ANALYSING,3,0,60.5,7.5,9.5
2026-06-01 20:26:49,ANALYSING,2,0,60.5,6.24,9.5
2026-06-01 20:26:54,ANALYSING,4,0,60.5,5.74,9.5
2026-06-01 20:26:59,TRACKING,4,0,60.4,5.4,9.4
2026-06-01 20:27:04,ANALYSING,2,0,60.4,7.41,9.6
2026-06-01 20:27:10,ANALYSING,2,0,60.4,5.65,9.6
2026-06-01 20:27:15,TRACKING,2,0,60.4,6.5,9.6
2026-06-01 20:27:20,TRACKING,2,0,60.4,5.8,9.6
2026-06-01 20:27:25,ANALYSING,3,0,60.5,6.24,9.3
2026-06-01 20:27:30,ANALYSING,3,0,60.5,6.71,9.3
2026-06-01 20:27:35,TRACKING,3,0,60.5,4.5,9.4
2026-06-01 20:27:40,ANALYSING,3,0,60.5,4.88,9.8
2026-06-01 20:27:45,TRACKING,4,0,60.5,4.56,9.8
2026-06-01 20:27:51,ANALYSING,3,0,60.5,4.2,9.7
2026-06-01 20:27:56,ANALYSING,4,0,60.5,4.68,9.6
2026-06-01 20:28:01,TRACKING,4,0,60.7,5.17,9.6
2026-06-01 20:28:06,ANALYSING,4,0,60.7,4.23,9.5
2026-06-01 20:28:11,ANALYSING,4,0,60.7,3.73,9.7
2026-06-01 20:28:16,ANALYSING,4,0,60.7,4.29,9.7
2026-06-01 20:28:21,TRACKING,4,0,60.7,5.07,9.6
2026-06-01 20:28:27,ANALYSING,4,0,60.7,5.86,9.4
2026-06-01 20:28:32,ANALYSING,4,0,60.7,5.56,9.4
2026-06-01 20:28:38,ANALYSING,4,0,60.7,4.58,9.5
2026-06-01 20:28:43,TRACKING,4,0,60.7,3.68,9.3
2026-06-01 20:28:48,TRACKING,3,0,60.7,3.55,9.4
2026-06-01 20:28:53,TRACKING,3,0,60.7,3.57,9.5
2026-06-01 20:28:58,ANALYSING,3,0,60.7,3.65,9.5
2026-06-01 20:29:04,ANALYSING,3,0,60.7,3.75,9.6
2026-06-01 20:29:09,ANALYSING,2,0,60.7,5.27,9.6
2026-06-01 20:29:14,ANALYSING,3,0,60.7,5.54,9.6
2026-06-01 20:29:19,ANALYSING,2,0,60.7,5.53,9.9
2026-06-01 20:29:24,TRACKING,4,0,60.7,4.86,9.9
2026-06-01 20:29:30,ANALYSING,4,0,60.5,4.29,9.9
2026-06-01 20:29:35,TRACKING,4,0,60.5,4.58,9.8
2026-06-01 20:29:40,TRACKING,4,0,60.5,4.47,9.8
2026-06-01 20:29:45,ANALYSING,4,0,60.5,5.34,10.0
2026-06-01 20:29:50,ANALYSING,4,0,60.2,6.69,10.0
2026-06-01 20:29:55,ANALYSING,2,0,60.2,7.75,9.7
2026-06-01 20:30:00,TRACKING,4,0,60.2,7.62,9.7
2026-06-01 20:30:05,ANALYSING,3,0,60.2,7.38,9.7
2026-06-01 20:30:10,TRACKING,2,0,60.4,6.69,9.8
2026-06-01 20:30:16,ANALYSING,2,0,60.4,6.19,10.0
2026-06-01 20:30:21,ANALYSING,3,0,60.4,6.35,10.0
2026-06-01 20:30:26,TRACKING,3,0,60.5,6.67,10.0
2026-06-01 20:30:31,TRACKING,3,0,60.5,6.51,10.0
2026-06-01 20:30:36,TRACKING,3,0,60.5,6.91,10.0
2026-06-01 20:30:41,ANALYSING,3,0,60.5,6.13,10.1
2026-06-01 20:30:47,ANALYSING,3,0,60.5,4.73,10.1
2026-06-01 20:30:52,TRACKING,3,0,60.6,4.74,10.2
2026-06-01 20:30:57,TRACKING,3,0,60.6,5.3,10.3
2026-06-01 20:31:02,ANALYSING,3,0,60.6,5.43,10.5
2026-06-01 20:31:07,TRACKING,2,0,60.6,6.05,10.3
2026-06-01 20:31:12,ANALYSING,2,0,60.6,6.31,10.5
2026-06-01 20:31:18,ANALYSING,3,0,60.5,6.09,10.5
2026-06-01 20:31:23,TRACKING,3,0,57.1,5.21,10.6
2026-06-01 20:31:28,ANALYSING,3,0,57.0,4.82,10.7
2026-06-01 20:31:33,ANALYSING,3,0,56.8,4.98,10.6
2026-06-01 20:31:38,ANALYSING,3,0,56.9,6.22,10.5
2026-06-01 20:31:43,ANALYSING,3,0,57.1,8.26,10.6
2026-06-01 20:31:48,TRACKING,2,0,57.1,8.12,10.4
2026-06-01 20:31:53,TRACKING,3,0,57.1,7.92,10.3
2026-06-01 20:31:59,ANALYSING,3,0,57.1,6.43,10.2
2026-06-01 20:32:04,ANALYSING,3,0,56.4,6.02,9.9
2026-06-01 20:32:09,ANALYSING,3,0,55.5,6.01,9.9
2026-06-01 20:32:14,TRACKING,3,0,55.0,8.72,9.7
2026-06-01 20:32:19,ANALYSING,3,0,56.0,9.41,9.7
2026-06-01 20:32:24,TRACKING,2,0,56.8,9.93,9.9
2026-06-01 20:32:29,ANALYSING,3,0,57.3,8.32,9.7
2026-06-01 20:32:35,ANALYSING,2,0,57.2,8.03,9.8
2026-06-01 20:32:40,TRACKING,3,0,56.6,9.91,9.7
2026-06-01 20:32:45,ANALYSING,3,0,55.7,8.2,10.1
2026-06-01 20:32:50,TRACKING,3,0,56.3,7.84,9.9
2026-06-01 20:32:55,ANALYSING,3,0,57.1,8.63,9.9
2026-06-01 20:33:00,ANALYSING,2,0,57.6,8.19,9.9
2026-06-01 20:33:05,TRACKING,2,0,57.9,7.51,9.8
2026-06-01 20:33:11,ANALYSING,2,0,58.3,6.57,9.8
2026-06-01 20:33:16,TRACKING,3,0,59.2,5.7,9.6
2026-06-01 20:33:21,TRACKING,3,0,59.4,7.21,9.7
2026-06-01 20:33:26,ANALYSING,2,0,59.4,9.64,9.8
2026-06-01 20:33:31,TRACKING,2,0,59.4,10.11,9.6
2026-06-01 20:33:36,ANALYSING,3,0,59.8,10.16,9.5
2026-06-01 20:33:41,ANALYSING,3,0,59.8,10.29,9.4
2026-06-01 20:33:47,ANALYSING,3,0,60.0,9.62,9.3
2026-06-01 20:33:52,ANALYSING,3,0,60.5,7.49,9.2
2026-06-01 20:33:57,ANALYSING,3,0,60.5,8.19,8.9
2026-06-01 20:34:02,ANALYSING,3,0,60.5,9.32,9.0
2026-06-01 20:34:08,ANALYSING,3,0,60.5,9.53,9.0
2026-06-01 20:34:13,ANALYSING,3,0,60.6,9.42,9.0
2026-06-01 20:34:19,ANALYSING,3,0,60.9,8.1,9.0
2026-06-01 20:34:24,ANALYSING,3,0,60.9,8.53,9.2
2026-06-01 20:34:29,TRACKING,2,0,60.9,9.32,9.2
2026-06-01 20:34:34,ANALYSING,3,0,60.9,11.64,9.2
2026-06-01 20:34:39,ANALYSING,3,0,61.0,8.3,9.3
2026-06-01 20:34:45,TRACKING,3,0,61.0,8.07,9.1
2026-06-01 20:34:50,TRACKING,3,0,61.0,6.18,9.3
2026-06-01 20:34:55,TRACKING,3,0,61.0,6.15,9.5
2026-06-01 20:35:00,ANALYSING,3,0,60.9,6.16,9.5
2026-06-01 20:35:05,ANALYSING,3,0,60.9,6.0,9.7
2026-06-01 20:35:10,ANALYSING,3,0,60.9,6.14,9.7
2026-06-01 20:35:15,TRACKING,3,0,61.0,8.28,9.6
2026-06-01 20:35:20,ANALYSING,3,0,61.2,8.25,9.2
2026-06-01 20:35:25,TRACKING,3,0,61.2,7.6,9.4
2026-06-01 20:35:30,ANALYSING,4,0,61.2,6.45,9.4
2026-06-01 20:35:35,TRACKING,4,0,61.2,6.26,9.3
2026-06-01 20:35:40,ANALYSING,4,0,61.2,6.27,9.5
2026-06-01 20:35:45,TRACKING,4,0,61.1,7.36,9.5
2026-06-01 20:35:51,ANALYSING,5,0,61.2,7.98,9.2
2026-06-01 20:35:56,ANALYSING,6,0,61.2,7.16,9.2
2026-06-01 20:36:01,TRACKING,5,0,61.2,5.97,9.1
2026-06-01 20:36:06,TRACKING,5,0,61.2,4.85,9.1
2026-06-01 20:36:11,ANALYSING,6,0,61.2,6.02,9.2
2026-06-01 20:36:16,ANALYSING,7,0,61.2,6.08,9.3
2026-06-01 20:36:21,TRACKING,7,0,61.2,6.05,9.3
2026-06-01 20:36:26,TRACKING,5,0,61.2,5.59,9.2
2026-06-01 20:36:31,ANALYSING,6,0,61.1,5.29,9.2
2026-06-01 20:36:36,TRACKING,6,0,61.1,5.83,9.3
2026-06-01 20:36:41,TRACKING,7,0,61.2,5.47,9.6
2026-06-01 20:36:47,ANALYSING,5,0,61.2,4.11,9.6
2026-06-01 20:36:52,ANALYSING,6,0,61.2,3.89,9.5
2026-06-01 20:36:57,ANALYSING,4,0,61.2,5.47,9.4
2026-06-01 20:37:02,TRACKING,3,0,61.2,6.49,9.5
2026-06-01 20:37:07,ANALYSING,4,0,61.2,5.96,9.5
2026-06-01 20:37:13,ANALYSING,4,0,61.2,4.22,9.4
2026-06-01 20:37:18,TRACKING,3,0,61.0,4.92,9.5
2026-06-01 20:37:23,ANALYSING,2,0,61.2,3.28,9.5
2026-06-01 20:37:28,ANALYSING,3,0,61.2,2.98,9.6
2026-06-01 20:37:33,ANALYSING,4,0,61.2,5.69,9.8
2026-06-01 20:37:39,ANALYSING,2,0,61.2,5.32,9.7
2026-06-01 20:37:44,TRACKING,3,0,61.2,5.49,9.6
2026-06-01 20:37:49,ANALYSING,5,0,61.2,2.41,9.6
2026-06-01 20:37:54,ANALYSING,4,0,61.2,3.05,9.7
2026-06-01 20:37:59,TRACKING,3,0,61.2,6.16,9.7
2026-06-01 20:38:04,ANALYSING,4,0,61.2,5.89,9.2
2026-06-01 20:38:09,ANALYSING,4,0,61.2,4.65,9.5
2026-06-01 20:38:14,ANALYSING,4,0,61.0,4.84,9.5
2026-06-01 20:38:19,ANALYSING,2,0,61.2,3.57,9.5
2026-06-01 20:38:25,ANALYSING,2,0,61.2,5.8,9.5
2026-06-01 20:38:30,TRACKING,2,0,61.2,5.74,9.5
2026-06-01 20:38:35,ANALYSING,2,0,61.2,5.1,9.4
2026-06-01 20:38:41,ANALYSING,4,0,61.2,5.26,9.6
2026-06-01 20:38:46,ANALYSING,3,0,61.2,3.9,9.5
2026-06-01 20:38:51,TRACKING,2,0,61.2,3.62,9.5
2026-06-01 20:38:56,ANALYSING,2,0,61.2,3.31,9.7
2026-06-01 20:39:02,ANALYSING,2,1,61.3,4.43,9.7
2026-06-01 20:39:07,TRACKING,3,0,61.2,5.06,9.5
2026-06-01 20:39:12,ANALYSING,3,0,61.2,5.18,9.3
2026-06-01 20:39:17,ANALYSING,3,0,61.2,4.93,9.4
2026-06-01 20:39:22,ANALYSING,3,0,61.1,4.64,9.4
2026-06-01 20:39:27,ANALYSING,3,0,61.1,4.01,9.4
2026-06-01 20:39:33,ANALYSING,2,0,61.1,5.04,9.3
2026-06-01 20:39:38,ANALYSING,3,0,61.1,6.88,8.9
2026-06-01 20:39:43,ANALYSING,4,0,61.1,7.57,9.0
2026-06-01 20:39:48,ANALYSING,4,0,61.2,6.91,9.0
2026-06-01 20:39:53,TRACKING,4,0,61.2,5.2,9.1
2026-06-01 20:39:58,ANALYSING,4,0,61.2,7.14,9.0
2026-06-01 20:40:03,TRACKING,4,0,61.2,8.25,8.9
2026-06-01 20:40:09,ANALYSING,3,0,61.2,8.29,9.0
2026-06-01 20:40:15,ANALYSING,3,0,61.0,8.29,8.9
2026-06-01 20:40:20,TRACKING,3,0,61.0,7.08,9.0
2026-06-01 20:40:25,TRACKING,3,0,61.0,5.34,8.9
2026-06-01 20:40:30,ANALYSING,1,0,61.0,4.92,9.0
2026-06-01 20:40:35,TRACKING,3,0,61.0,4.54,9.0
2026-06-01 20:40:40,ANALYSING,3,0,61.2,6.72,8.8
2026-06-01 20:40:45,ANALYSING,3,0,61.2,6.55,8.9
2026-06-01 20:40:50,TRACKING,2,0,61.2,6.49,9.3
2026-06-01 20:40:55,ANALYSING,2,0,61.1,6.16,9.3
2026-06-01 20:41:02,ANALYSING,2,1,61.0,6.19,9.3
2026-06-01 20:41:07,TRACKING,2,0,60.2,5.34,9.4
2026-06-01 20:41:12,ANALYSING,3,0,60.2,6.68,9.1
2026-06-01 20:41:17,TRACKING,3,0,60.2,7.47,9.0
2026-06-01 20:41:22,ANALYSING,3,0,60.2,7.29,9.0
2026-06-01 20:41:27,TRACKING,3,0,60.5,7.37,9.0
2026-06-01 20:41:32,ANALYSING,2,0,60.7,5.57,9.1
2026-06-01 20:41:37,TRACKING,2,1,60.7,6.75,9.2
2026-06-01 20:41:42,ANALYSING,2,1,60.7,6.72,9.1
2026-06-01 20:41:47,TRACKING,2,1,60.7,7.15,9.2
2026-06-01 20:41:53,ANALYSING,2,1,60.7,7.06,9.2
2026-06-01 20:41:58,ANALYSING,3,1,61.0,6.27,9.4
2026-06-01 20:42:03,TRACKING,2,1,61.0,5.64,9.4
2026-06-01 20:42:08,ANALYSING,2,1,61.0,5.11,9.5
2026-06-01 20:42:15,ANALYSING,3,1,61.0,5.58,9.6
2026-06-01 20:42:20,ANALYSING,3,1,61.0,6.25,9.7
2026-06-01 20:42:26,ANALYSING,3,0,61.1,7.78,10.3
2026-06-01 20:42:31,ANALYSING,3,0,61.1,6.79,10.3
2026-06-01 20:42:36,TRACKING,4,0,61.1,5.76,10.2
2026-06-01 20:42:41,TRACKING,5,0,61.1,4.59,10.1
2026-06-01 20:42:46,ANALYSING,4,0,61.1,5.51,10.1
2026-06-01 20:42:51,ANALYSING,4,0,61.3,7.88,9.9
2026-06-01 20:42:56,TRACKING,4,0,61.3,7.03,10.0
2026-06-01 20:43:02,ANALYSING,5,0,61.3,6.34,9.9
2026-06-01 20:43:07,TRACKING,5,0,61.3,6.63,9.9
2026-06-01 20:43:12,ANALYSING,5,0,61.3,6.62,9.8
2026-06-01 20:43:17,ANALYSING,4,0,61.1,6.48,9.8
2026-06-01 20:43:22,TRACKING,4,0,61.1,6.76,9.8
2026-06-01 20:43:27,ANALYSING,5,0,61.1,6.01,9.7
2026-06-01 20:43:32,ANALYSING,4,0,61.1,5.51,10.1
2026-06-01 20:43:37,TRACKING,3,0,61.0,5.85,10.0
2026-06-01 20:43:43,ANALYSING,3,0,61.0,6.63,10.1
2026-06-01 20:43:48,ANALYSING,3,0,61.0,7.87,10.2
2026-06-01 20:43:53,TRACKING,4,0,61.0,7.37,10.2
2026-06-01 20:43:58,TRACKING,4,0,61.0,6.7,10.3
2026-06-01 20:44:03,ANALYSING,3,0,60.8,7.2,10.6
2026-06-01 20:44:08,TRACKING,5,0,60.7,9.32,10.7
2026-06-01 20:44:13,TRACKING,5,0,60.7,9.4,10.6
2026-06-01 20:44:18,TRACKING,5,0,60.7,9.47,10.7
2026-06-01 20:44:23,TRACKING,5,0,60.7,11.09,10.7
2026-06-01 20:44:28,ANALYSING,5,0,60.7,11.77,10.7
2026-06-01 20:44:33,TRACKING,5,0,60.7,11.85,10.8
2026-06-01 20:44:38,TRACKING,5,0,60.7,11.82,10.7
2026-06-01 20:44:43,TRACKING,4,0,60.7,11.15,10.6
2026-06-01 20:44:48,TRACKING,4,0,60.7,10.96,10.6
2026-06-01 20:44:54,ANALYSING,3,0,60.6,11.17,10.6
2026-06-01 20:44:59,ANALYSING,4,0,60.1,8.27,10.6
2026-06-01 20:45:04,TRACKING,5,0,59.6,9.04,10.5
2026-06-01 20:45:09,TRACKING,3,0,59.2,10.05,10.4
2026-06-01 20:45:14,TRACKING,4,0,59.0,9.66,10.3
2026-06-01 20:45:19,ANALYSING,3,0,58.6,9.11,10.3
2026-06-01 20:45:24,ANALYSING,3,0,58.5,7.76,10.3
2026-06-01 20:45:29,TRACKING,3,0,57.7,8.75,10.3
2026-06-01 20:45:34,TRACKING,4,0,56.9,9.31,10.5
2026-06-01 20:45:39,TRACKING,3,0,56.2,10.1,10.5
2026-06-01 20:45:44,TRACKING,3,0,55.8,9.93,10.6
2026-06-01 20:45:50,ANALYSING,4,0,55.5,9.67,10.7
2026-06-01 20:45:55,TRACKING,3,0,56.1,9.89,10.6
2026-06-01 20:46:00,ANALYSING,3,0,56.5,10.01,10.6
2026-06-01 20:46:05,TRACKING,3,0,56.9,10.47,10.8
2026-06-01 20:46:10,ANALYSING,4,0,56.8,9.64,10.8
2026-06-01 20:46:15,TRACKING,3,0,56.3,8.49,10.8
2026-06-01 20:46:20,TRACKING,3,0,56.2,7.62,10.6
2026-06-01 20:46:25,TRACKING,4,0,56.0,6.89,10.5
2026-06-01 20:46:30,TRACKING,4,0,55.4,6.8,10.5
2026-06-01 20:46:35,TRACKING,3,0,55.3,8.08,10.5
2026-06-01 20:46:41,ANALYSING,4,0,55.1,9.03,10.4
2026-06-01 20:46:46,TRACKING,3,0,55.1,9.42,10.3
2026-06-01 20:46:51,TRACKING,3,0,55.1,10.85,10.3
2026-06-01 20:46:56,ANALYSING,4,0,55.1,11.61,9.9
2026-06-01 20:47:02,ANALYSING,3,0,55.2,10.76,9.9
2026-06-01 20:47:07,TRACKING,4,0,54.4,11.94,10.0
2026-06-01 20:47:12,ANALYSING,5,0,53.8,11.92,9.9
2026-06-01 20:47:17,ANALYSING,5,0,53.1,11.46,9.9
2026-06-01 20:47:23,ANALYSING,5,0,53.1,11.48,9.8
2026-06-01 20:47:28,ANALYSING,4,0,53.1,11.5,9.7
2026-06-01 20:47:33,ANALYSING,5,0,53.0,11.55,9.6
2026-06-01 20:47:38,TRACKING,4,0,52.6,11.08,9.6
2026-06-01 20:47:43,TRACKING,5,0,52.6,10.59,9.6
2026-06-01 20:47:50,ANALYSING,5,0,52.4,9.45,9.5
2026-06-01 20:47:55,ANALYSING,6,0,52.4,9.36,9.3
2026-06-01 20:48:00,TRACKING,5,0,52.4,8.52,9.3
2026-06-01 20:48:05,TRACKING,4,0,52.4,7.05,9.4
2026-06-01 20:48:10,ANALYSING,3,0,52.2,8.56,9.4
2026-06-01 20:48:15,TRACKING,2,0,51.9,8.41,8.8
2026-06-01 20:48:20,TRACKING,3,0,51.9,8.27,8.8
2026-06-01 20:48:25,TRACKING,3,0,51.7,7.86,8.8
2026-06-01 20:48:30,ANALYSING,3,0,51.6,8.5,8.8
2026-06-01 20:48:36,ANALYSING,4,0,50.7,10.28,8.8
2026-06-01 20:48:41,ANALYSING,4,0,50.7,8.82,8.8
2026-06-01 20:48:46,TRACKING,5,0,50.7,8.42,8.7
2026-06-01 20:48:51,ANALYSING,3,0,50.7,8.15,8.7
2026-06-01 20:48:56,ANALYSING,4,0,50.7,7.79,8.9
2026-06-01 20:49:02,ANALYSING,5,0,50.7,7.75,9.0
2026-06-01 20:49:07,ANALYSING,5,0,50.7,8.61,9.1
2026-06-01 20:49:12,ANALYSING,4,0,50.6,8.91,9.1
2026-06-01 20:49:17,TRACKING,5,0,50.6,9.22,9.3
2026-06-01 20:49:23,ANALYSING,5,0,50.6,9.59,9.3
2026-06-01 20:49:28,ANALYSING,4,0,50.6,9.43,9.3
2026-06-01 20:49:33,ANALYSING,5,0,50.4,9.75,9.2
2026-06-01 20:49:39,ANALYSING,6,0,50.0,10.17,9.3
2026-06-01 20:49:44,TRACKING,7,0,50.0,10.18,9.3
2026-06-01 20:49:49,ANALYSING,7,0,50.0,9.29,9.5
2026-06-01 20:49:54,TRACKING,7,0,50.0,8.68,9.2
2026-06-01 20:49:59,ANALYSING,7,0,50.0,8.58,9.2
2026-06-01 20:50:05,ANALYSING,7,0,50.0,8.65,8.9
2026-06-01 20:50:10,ANALYSING,7,0,49.9,8.24,8.7
2026-06-01 20:50:15,ANALYSING,6,0,49.9,9.58,8.7
2026-06-01 20:50:20,TRACKING,6,0,49.9,10.15,8.8
2026-06-01 20:50:25,TRACKING,6,0,49.9,10.07,8.9
2026-06-01 20:50:31,ANALYSING,6,0,49.9,8.9,9.0
2026-06-01 20:50:36,ANALYSING,6,0,49.9,8.24,8.9
2026-06-01 20:50:41,TRACKING,6,0,49.8,8.41,8.8
2026-06-01 20:50:46,TRACKING,6,0,49.6,8.97,9.0
2026-06-01 20:50:51,ANALYSING,6,0,49.5,9.43,9.1
2026-06-01 20:50:56,TRACKING,6,0,49.3,8.75,9.0
2026-06-01 20:51:02,ANALYSING,6,0,49.3,8.69,9.5
2026-06-01 20:51:07,TRACKING,6,0,49.3,8.63,9.5
2026-06-01 20:51:12,ANALYSING,6,0,49.3,8.82,9.7
2026-06-01 20:51:17,ANALYSING,6,0,49.2,10.15,9.6
2026-06-01 20:51:22,ANALYSING,6,0,49.2,10.52,9.4
2026-06-01 20:51:27,ANALYSING,5,0,49.1,9.88,9.3
2026-06-01 20:51:32,ANALYSING,4,0,49.1,10.04,9.3
2026-06-01 20:51:37,TRACKING,4,0,49.0,9.19,9.3
2026-06-01 20:51:43,ANALYSING,3,0,49.0,8.4,9.2
2026-06-01 20:51:48,TRACKING,4,0,49.1,9.68,9.1
2026-06-01 20:51:53,TRACKING,4,0,48.8,9.28,8.9
2026-06-01 20:51:58,TRACKING,4,0,48.8,9.31,8.9
2026-06-01 20:52:03,ANALYSING,4,0,48.8,8.41,8.8
2026-06-01 20:52:09,ANALYSING,4,0,48.7,7.58,8.8
2026-06-01 20:52:14,ANALYSING,5,0,48.8,7.39,8.7
2026-06-01 20:52:19,ANALYSING,3,0,48.8,7.32,8.4
2026-06-01 20:52:24,TRACKING,4,0,48.8,7.33,8.4
2026-06-01 20:52:29,ANALYSING,5,0,48.8,7.73,8.5
2026-06-01 20:52:34,ANALYSING,4,0,48.6,7.99,8.5
2026-06-01 20:52:39,ANALYSING,4,0,48.5,10.19,8.4
2026-06-01 20:52:44,ANALYSING,5,0,48.5,9.6,8.6
2026-06-01 20:52:49,TRACKING,2,0,48.5,8.63,8.6
2026-06-01 20:52:54,TRACKING,2,0,48.5,8.19,8.7
2026-06-01 20:52:59,ANALYSING,2,0,48.5,7.92,8.8
2026-06-01 20:53:05,ANALYSING,4,0,48.4,11.86,8.8
2026-06-01 20:53:10,ANALYSING,4,0,48.4,10.48,9.1
2026-06-01 20:53:15,TRACKING,3,0,48.4,8.94,9.1
2026-06-01 20:53:20,TRACKING,2,0,48.4,10.68,9.0
2026-06-01 20:53:25,ANALYSING,2,0,48.4,12.27,9.0
2026-06-01 20:53:30,TRACKING,1,0,48.4,14.26,9.0
2026-06-01 20:53:35,TRACKING,1,0,48.3,13.41,8.1
2026-06-01 20:53:40,ANALYSING,4,0,48.2,13.45,8.1
2026-06-01 20:53:45,TRACKING,2,0,48.2,12.58,8.0
2026-06-01 20:53:51,ANALYSING,1,0,48.0,11.85,7.9
2026-06-01 20:53:56,ANALYSING,2,0,48.1,11.12,7.9
2026-06-01 20:54:01,TRACKING,1,0,48.1,11.06,7.8
2026-06-01 20:54:06,ANALYSING,4,0,48.1,12.59,7.7
2026-06-01 20:54:11,ANALYSING,4,0,48.1,12.82,7.8
2026-06-01 20:54:16,ANALYSING,4,0,48.1,12.06,7.7
2026-06-01 20:54:23,ANALYSING,4,0,48.1,12.2,7.7
2026-06-01 20:54:28,ANALYSING,4,0,48.1,11.86,7.7
2026-06-01 20:54:33,TRACKING,3,0,48.6,9.98,7.6
2026-06-01 20:54:38,ANALYSING,4,0,48.7,12.86,7.4
2026-06-01 20:54:43,ANALYSING,4,0,48.1,10.13,7.5
2026-06-01 20:54:51,ANALYSING,4,0,48.1,9.35,7.4
2026-06-01 20:54:56,ANALYSING,4,0,48.1,9.33,7.2
2026-06-01 20:55:02,ANALYSING,4,0,48.1,9.14,7.1
2026-06-01 20:55:07,ANALYSING,2,0,48.2,8.48,7.2
2026-06-01 20:55:12,ANALYSING,3,0,48.2,9.62,7.1
2026-06-01 20:55:18,ANALYSING,4,0,48.2,10.17,7.1
2026-06-01 20:55:24,ANALYSING,2,0,48.2,8.73,7.0
2026-06-01 20:55:29,ANALYSING,4,0,48.2,8.97,6.9
2026-06-01 20:55:34,TRACKING,4,0,48.3,8.67,6.9
2026-06-01 20:55:39,TRACKING,4,0,48.3,10.05,6.9
2026-06-01 20:55:54,ANALYSING,1,0,48.3,9.84,6.9
2026-06-01 20:55:59,TRACKING,4,0,48.5,9.25,6.5
2026-06-01 20:56:04,TRACKING,4,0,48.5,9.76,6.4
2026-06-01 20:56:09,ANALYSING,5,0,48.5,10.86,7.0
2026-06-01 20:56:15,TRACKING,5,0,48.5,11.33,7.0
2026-06-01 20:56:20,ANALYSING,4,0,48.3,11.44,7.1
2026-06-01 20:56:25,TRACKING,1,0,48.3,11.26,7.1
2026-06-01 20:56:30,ANALYSING,2,0,48.4,9.56,7.1
2026-06-01 20:56:35,TRACKING,2,0,48.9,9.95,7.1
2026-06-01 20:56:40,TRACKING,4,0,48.9,10.77,7.1
2026-06-01 20:56:45,ANALYSING,5,0,48.9,12.0,7.1
2026-06-01 20:56:50,TRACKING,6,0,48.9,13.13,7.1
2026-06-01 20:56:55,TRACKING,6,0,49.1,12.49,7.2
2026-06-01 20:57:00,TRACKING,6,0,50.7,11.22,7.2
2026-06-01 20:57:07,ANALYSING,5,0,50.7,10.81,7.2
2026-06-01 20:57:12,TRACKING,5,0,49.8,12.26,7.3
2026-06-01 20:57:18,TRACKING,4,0,49.3,13.06,7.4
2026-06-01 20:57:23,ANALYSING,5,0,49.1,13.61,7.5
2026-06-01 20:57:28,ANALYSING,4,0,48.7,14.58,7.9
2026-06-01 20:57:33,ANALYSING,2,0,48.7,15.18,7.8
2026-06-01 20:57:38,ANALYSING,4,0,48.3,14.5,7.8
2026-06-01 20:57:43,TRACKING,3,0,48.6,13.74,7.8
2026-06-01 20:57:49,ANALYSING,3,0,49.5,13.19,8.2
2026-06-01 20:57:54,ANALYSING,5,0,50.6,13.28,8.2
2026-06-01 20:58:12,ANALYSING,5,0,50.6,13.37,8.2
2026-06-01 20:58:17,TRACKING,5,0,53.3,15.21,7.2
2026-06-01 20:58:23,ANALYSING,5,0,53.8,14.62,7.2
2026-06-01 20:58:28,ANALYSING,5,0,53.8,14.21,7.2
2026-06-01 20:58:33,ANALYSING,6,0,52.8,13.07,7.2
2026-06-01 20:58:38,ANALYSING,6,0,52.3,12.47,7.3
2026-06-01 20:58:47,ANALYSING,6,0,52.3,12.51,7.6
2026-06-01 20:58:52,TRACKING,5,0,54.8,12.98,7.3
2026-06-01 20:58:57,TRACKING,6,0,55.3,10.71,7.5
2026-06-01 20:59:02,TRACKING,5,0,55.9,9.0,7.6
2026-06-01 20:59:07,TRACKING,4,0,55.3,8.7,7.7
2026-06-01 20:59:12,ANALYSING,5,0,55.3,8.2,7.7
2026-06-01 20:59:17,TRACKING,2,0,54.7,9.17,7.8
2026-06-01 20:59:23,ANALYSING,4,0,54.7,10.13,8.0
2026-06-01 20:59:28,ANALYSING,5,0,55.3,9.5,8.0
2026-06-01 20:59:33,ANALYSING,6,0,56.1,7.92,8.0
2026-06-01 20:59:38,TRACKING,5,0,56.9,6.61,8.3
2026-06-01 20:59:43,ANALYSING,4,0,56.8,10.85,8.3
2026-06-01 20:59:49,ANALYSING,4,0,56.0,9.92,8.4
2026-06-01 20:59:54,ANALYSING,4,0,55.2,9.67,8.4
2026-06-01 20:59:59,ANALYSING,2,0,54.8,9.04,8.5
2026-06-01 21:00:04,TRACKING,2,0,54.2,9.53,8.5
2026-06-01 21:00:10,ANALYSING,1,0,54.1,8.69,8.6
2026-06-01 21:00:15,ANALYSING,1,0,54.8,9.36,8.3
2026-06-01 21:00:20,ANALYSING,2,0,55.4,9.16,8.3
2026-06-01 21:00:26,TRACKING,1,0,56.3,8.88,8.4
2026-06-01 21:00:31,TRACKING,2,0,56.8,9.11,8.5
2026-06-01 21:00:36,ANALYSING,3,0,56.8,7.46,8.5
2026-06-01 21:00:41,ANALYSING,4,0,56.1,7.02,8.4
2026-06-01 21:00:46,TRACKING,4,0,56.2,6.81,8.4
2026-06-01 21:00:51,TRACKING,4,0,56.2,7.19,9.5
2026-06-01 21:00:56,TRACKING,4,0,56.6,8.68,9.5
2026-06-01 21:01:01,ANALYSING,4,0,56.4,7.2,9.6
2026-06-01 21:01:06,TRACKING,4,0,56.1,7.56,9.6
2026-06-01 21:01:11,ANALYSING,4,0,56.0,8.23,9.5
2026-06-01 21:01:16,TRACKING,4,0,56.0,8.55,9.5
2026-06-01 21:01:21,ANALYSING,4,0,55.7,9.25,9.5
2026-06-01 21:01:26,TRACKING,4,0,55.0,10.85,9.6
2026-06-01 21:01:31,ANALYSING,4,0,54.4,11.09,9.6
2026-06-01 21:01:36,TRACKING,4,0,55.3,8.17,10.2
2026-06-01 21:01:42,ANALYSING,4,0,56.3,8.87,10.2
2026-06-01 21:01:47,TRACKING,4,0,56.8,10.2,10.2
2026-06-01 21:01:52,ANALYSING,5,0,57.4,11.95,9.8
2026-06-01 21:01:57,TRACKING,5,0,57.8,9.55,9.8
2026-06-01 21:02:02,TRACKING,5,0,58.4,8.33,9.8
2026-06-01 21:02:07,ANALYSING,5,0,58.6,7.48,9.9
2026-06-01 21:02:13,ANALYSING,4,0,58.6,6.72,9.8
2026-06-01 21:02:18,ANALYSING,4,0,58.6,7.33,9.7
2026-06-01 21:02:23,ANALYSING,5,0,58.8,7.25,9.8
2026-06-01 21:02:28,TRACKING,5,0,58.8,7.24,9.9
2026-06-01 21:02:33,ANALYSING,5,0,58.8,6.09,9.9
2026-06-01 21:02:38,ANALYSING,6,0,59.2,5.26,9.9
2026-06-01 21:02:43,TRACKING,5,0,59.2,5.02,10.0
2026-06-01 21:02:48,ANALYSING,6,0,59.2,8.09,10.0
2026-06-01 21:02:53,TRACKING,6,0,59.4,8.75,9.7
2026-06-01 21:02:58,ANALYSING,5,0,59.4,6.8,9.7
2026-06-01 21:03:04,ANALYSING,5,0,59.4,6.84,9.8
2026-06-01 21:03:09,TRACKING,6,0,59.4,6.28,9.9
2026-06-01 21:03:14,TRACKING,6,0,59.4,5.55,9.7
2026-06-01 21:03:19,ANALYSING,8,0,59.5,4.52,9.9
2026-06-01 21:03:25,ANALYSING,8,0,59.5,5.18,9.9
2026-06-01 21:03:30,TRACKING,6,0,59.5,7.65,9.8
2026-06-01 21:03:35,ANALYSING,7,0,59.5,8.11,9.8
2026-06-01 21:03:40,TRACKING,8,0,59.5,6.36,9.9
2026-06-01 21:03:45,ANALYSING,7,0,59.5,5.07,10.0
2026-06-01 21:03:50,ANALYSING,7,0,59.6,4.62,10.0
2026-06-01 21:03:55,TRACKING,7,0,59.6,5.0,9.9
2026-06-01 21:04:01,TRACKING,6,0,59.6,4.88,10.2
2026-06-01 21:04:06,TRACKING,7,0,59.7,6.52,10.2
2026-06-01 21:04:11,ANALYSING,8,0,59.7,8.16,10.4
2026-06-01 21:04:16,TRACKING,8,0,59.7,9.12,10.5
2026-06-01 21:04:21,ANALYSING,7,0,59.7,10.58,10.4
2026-06-01 21:04:26,TRACKING,6,0,59.7,10.27,10.4
2026-06-01 21:04:31,ANALYSING,6,0,59.7,8.18,10.4
2026-06-01 21:04:36,TRACKING,7,0,59.7,8.13,10.2
2026-06-01 21:04:41,ANALYSING,7,0,59.7,9.0,10.5
2026-06-01 21:04:46,ANALYSING,7,0,59.7,8.94,10.5
2026-06-01 21:04:52,TRACKING,8,0,59.8,9.82,10.6
2026-06-01 21:04:57,ANALYSING,6,0,59.8,8.13,10.5
2026-06-01 21:05:02,ANALYSING,7,0,59.8,7.2,10.4
2026-06-01 21:05:07,TRACKING,4,0,59.8,6.26,10.5
2026-06-01 21:05:12,ANALYSING,5,0,59.7,5.74,10.6
2026-06-01 21:05:17,ANALYSING,5,0,59.7,6.91,10.5
2026-06-01 21:05:22,ANALYSING,5,0,59.7,7.16,10.3
2026-06-01 21:05:28,ANALYSING,5,0,59.7,6.89,10.3
2026-06-01 21:05:33,ANALYSING,6,0,59.7,6.54,10.2
2026-06-01 21:05:38,TRACKING,6,0,59.7,6.97,10.3
2026-06-01 21:05:43,TRACKING,5,0,59.7,7.92,10.1
2026-06-01 21:05:48,ANALYSING,4,0,59.7,8.92,10.3
2026-06-01 21:05:53,TRACKING,6,0,59.7,7.51,10.3
2026-06-01 21:05:58,ANALYSING,4,0,59.7,7.36,10.0
2026-06-01 21:06:03,TRACKING,5,0,59.7,7.49,10.0
2026-06-01 21:06:08,TRACKING,5,0,59.6,10.04,10.1
2026-06-01 21:06:14,ANALYSING,5,0,59.6,9.2,10.1
2026-06-01 21:06:19,TRACKING,4,0,59.6,7.89,10.0
2026-06-01 21:06:24,ANALYSING,5,0,59.6,8.41,10.2
2026-06-01 21:06:29,ANALYSING,4,0,59.6,8.34,10.2
2026-06-01 21:06:34,TRACKING,4,0,59.6,7.77,10.2
2026-06-01 21:06:39,TRACKING,5,0,59.6,9.34,10.0
2026-06-01 21:06:44,ANALYSING,5,0,59.6,11.12,9.9
2026-06-01 21:06:49,ANALYSING,5,0,59.6,12.5,9.9
2026-06-01 21:06:54,ANALYSING,5,0,58.7,10.1,9.9
2026-06-01 21:06:59,ANALYSING,5,0,58.0,10.61,9.9
2026-06-01 21:07:04,TRACKING,5,0,56.1,10.77,9.9
2026-06-01 21:07:09,TRACKING,5,0,55.1,10.21,9.8
2026-06-01 21:07:15,ANALYSING,5,0,54.3,10.55,9.8
2026-06-01 21:07:20,ANALYSING,5,0,54.3,9.9,9.8
2026-06-01 21:07:25,TRACKING,5,0,54.3,8.88,9.6
2026-06-01 21:07:30,ANALYSING,5,0,54.1,6.91,9.6
2026-06-01 21:07:35,ANALYSING,4,0,54.1,7.83,9.7
2026-06-01 21:07:41,ANALYSING,3,0,54.3,8.9,9.7
2026-06-01 21:07:46,TRACKING,4,0,53.1,6.74,9.6
2026-06-01 21:07:51,TRACKING,4,0,52.3,8.36,9.6
2026-06-01 21:07:56,TRACKING,3,0,51.9,9.26,9.5
2026-06-01 21:08:01,TRACKING,3,0,51.9,9.79,9.6
2026-06-01 21:08:06,ANALYSING,4,0,51.7,9.12,9.5
2026-06-01 21:08:11,TRACKING,5,0,51.7,8.78,9.7
2026-06-01 21:08:16,ANALYSING,6,0,51.8,8.08,9.7
2026-06-01 21:08:22,ANALYSING,5,0,51.8,7.34,9.6
2026-06-01 21:08:27,TRACKING,6,0,51.6,6.82,9.7
2026-06-01 21:08:32,TRACKING,4,0,51.5,7.92,9.6
2026-06-01 21:08:37,ANALYSING,4,0,51.5,7.89,9.6
2026-06-01 21:08:42,TRACKING,5,0,51.4,8.22,9.6
2026-06-01 21:08:47,ANALYSING,6,0,51.4,8.65,9.9
2026-06-01 21:08:52,ANALYSING,4,0,51.1,8.59,9.9
2026-06-01 21:08:57,TRACKING,6,0,50.9,8.92,9.8
2026-06-01 21:09:03,ANALYSING,4,0,50.9,8.16,9.8
2026-06-01 21:09:08,ANALYSING,2,0,51.1,7.99,9.8
2026-06-01 21:09:13,ANALYSING,2,0,51.1,8.15,9.7
2026-06-01 21:09:18,TRACKING,2,0,51.2,8.6,9.7
2026-06-01 21:09:23,TRACKING,4,0,51.7,9.96,9.6
2026-06-01 21:09:29,ANALYSING,6,0,52.4,9.37,9.9
2026-06-01 21:09:34,TRACKING,3,0,53.3,8.54,9.8
2026-06-01 21:09:39,ANALYSING,5,0,53.6,8.65,9.8
2026-06-01 21:09:44,ANALYSING,5,0,53.0,6.28,9.8
2026-06-01 21:09:49,TRACKING,5,0,53.4,7.4,9.7
2026-06-01 21:09:54,ANALYSING,5,0,53.9,7.25,9.9
2026-06-01 21:09:59,TRACKING,6,0,53.8,6.71,9.9
2026-06-01 21:10:04,TRACKING,6,0,53.2,6.81,9.9
2026-06-01 21:10:09,ANALYSING,7,0,55.2,6.96,9.8
2026-06-01 21:10:14,TRACKING,7,0,55.3,6.16,9.9
2026-06-01 21:10:19,TRACKING,8,0,55.6,5.76,9.9
2026-06-01 21:10:24,ANALYSING,6,0,56.0,6.73,10.0
2026-06-01 21:10:29,TRACKING,10,0,56.2,7.1,10.0
2026-06-01 21:10:35,ANALYSING,6,0,56.3,7.2,10.1
2026-06-01 21:10:40,TRACKING,6,0,55.8,7.6,10.1
2026-06-01 21:10:45,ANALYSING,7,0,55.6,8.19,10.2
2026-06-01 21:10:50,TRACKING,7,0,55.2,8.5,10.3
2026-06-01 21:10:55,ANALYSING,7,0,55.1,9.02,10.1
2026-06-01 21:11:00,ANALYSING,7,0,52.1,6.11,10.1
2026-06-01 21:11:05,TRACKING,6,0,51.7,5.65,10.1
2026-06-01 21:11:10,ANALYSING,7,0,51.1,5.94,10.1
2026-06-01 21:11:15,TRACKING,5,0,50.5,6.7,10.1
2026-06-01 21:11:21,ANALYSING,4,0,50.3,7.45,10.0
2026-06-01 21:11:26,TRACKING,4,0,50.3,9.26,9.9
2026-06-01 21:11:31,ANALYSING,5,0,50.2,8.53,10.0
2026-06-01 21:11:36,ANALYSING,2,0,50.2,8.96,10.1
2026-06-01 21:11:42,ANALYSING,4,0,50.1,10.02,10.1
2026-06-01 21:11:47,ANALYSING,7,0,49.8,7.83,10.0
2026-06-01 21:11:52,TRACKING,6,0,49.8,10.87,10.1
2026-06-01 21:11:57,ANALYSING,7,0,49.9,10.93,10.0
2026-06-01 21:12:03,TRACKING,7,0,50.4,9.81,10.1
2026-06-01 21:12:08,ANALYSING,5,0,50.8,9.29,10.1
2026-06-01 21:12:13,TRACKING,4,0,50.5,9.92,10.0
2026-06-01 21:12:18,ANALYSING,4,0,50.5,9.78,10.0
2026-06-01 21:12:23,ANALYSING,2,0,50.5,9.5,10.0
2026-06-01 21:12:28,TRACKING,4,0,51.0,9.69,10.1
2026-06-01 21:12:34,ANALYSING,5,0,52.9,8.62,10.0
2026-06-01 21:12:39,ANALYSING,5,0,57.1,10.44,10.1
2026-06-01 21:12:44,ANALYSING,5,0,57.6,9.04,10.1
2026-06-01 21:12:49,ANALYSING,6,0,57.8,7.36,10.1
2026-06-01 21:12:54,TRACKING,5,0,58.1,5.25,10.0
2026-06-01 21:12:59,ANALYSING,5,0,58.3,6.02,10.1
2026-06-01 21:13:04,TRACKING,4,0,57.7,6.6,10.2
2026-06-01 21:13:09,TRACKING,4,0,57.7,6.04,10.1
2026-06-01 21:13:15,ANALYSING,5,0,57.2,4.92,10.1
2026-06-01 21:13:20,TRACKING,4,0,56.8,4.44,10.0
2026-06-01 21:13:25,ANALYSING,5,0,56.6,4.66,10.1
2026-06-01 21:13:30,TRACKING,4,0,57.3,4.72,10.0
2026-06-01 21:13:35,ANALYSING,5,0,59.1,4.54,10.0
2026-06-01 21:13:40,TRACKING,5,0,59.6,5.73,10.1
2026-06-01 21:13:45,ANALYSING,5,0,59.9,6.73,10.2
2026-06-01 21:13:50,ANALYSING,4,0,60.0,6.9,10.2
2026-06-01 21:13:56,TRACKING,6,0,60.2,5.21,10.1
2026-06-01 21:14:01,ANALYSING,3,0,60.2,4.67,10.1
2026-06-01 21:14:06,TRACKING,4,0,60.2,5.91,10.0
2026-06-01 21:14:11,ANALYSING,5,0,60.2,6.7,10.1
2026-06-01 21:14:16,TRACKING,5,0,60.2,6.61,10.1
2026-06-01 21:14:21,TRACKING,5,0,60.5,5.62,10.1
2026-06-01 21:14:26,ANALYSING,6,0,60.5,4.97,10.0
2026-06-01 21:14:31,ANALYSING,6,0,60.5,4.76,10.0
2026-06-01 21:14:36,TRACKING,6,0,60.5,4.51,10.0
2026-06-01 21:14:42,ANALYSING,6,0,61.3,6.39,10.2
2026-06-01 21:14:47,TRACKING,7,0,61.3,5.7,10.3
2026-06-01 21:14:52,ANALYSING,6,0,61.4,5.05,10.5
2026-06-01 21:14:57,ANALYSING,6,0,61.8,4.61,10.5
2026-06-01 21:15:03,ANALYSING,6,0,61.8,5.19,10.5
2026-06-01 21:15:08,TRACKING,6,0,61.9,5.82,10.6
2026-06-01 21:15:13,TRACKING,5,0,61.9,5.62,10.6
2026-06-01 21:15:18,ANALYSING,6,0,61.9,4.7,10.5
2026-06-01 21:15:23,ANALYSING,6,0,61.9,3.82,10.5
2026-06-01 21:15:28,ANALYSING,5,0,62.1,3.79,10.7
2026-06-01 21:15:33,TRACKING,6,0,62.3,5.48,10.7
2026-06-01 21:15:38,TRACKING,6,0,62.3,5.36,10.6
2026-06-01 21:15:43,TRACKING,6,0,62.3,5.05,10.6
2026-06-01 21:15:49,ANALYSING,5,0,62.3,4.28,10.6
2026-06-01 21:15:54,TRACKING,6,0,62.2,4.53,10.5
2026-06-01 21:15:59,TRACKING,6,0,62.3,5.5,10.4
2026-06-01 21:16:04,ANALYSING,4,0,62.3,5.78,10.5
2026-06-01 21:16:09,ANALYSING,4,0,62.3,5.98,10.5
2026-06-01 21:16:14,TRACKING,6,0,62.3,6.58,10.5
2026-06-01 21:16:19,ANALYSING,6,0,62.3,5.44,10.6
2026-06-01 21:16:24,TRACKING,7,0,62.3,5.45,10.6
2026-06-01 21:16:29,TRACKING,8,0,62.3,4.7,10.6
2026-06-01 21:16:34,ANALYSING,6,0,62.3,6.09,10.6
2026-06-01 21:16:39,TRACKING,6,0,62.3,6.06,10.7
2026-06-01 21:16:44,ANALYSING,7,0,62.4,7.31,10.8
2026-06-01 21:16:49,TRACKING,7,0,62.4,5.63,10.8
2026-06-01 21:16:54,TRACKING,7,0,62.4,5.29,10.7
2026-06-01 21:17:00,ANALYSING,7,0,62.4,4.01,10.7
2026-06-01 21:17:05,ANALYSING,6,0,62.2,4.81,10.8
2026-06-01 21:17:10,TRACKING,6,0,62.5,4.27,11.0
2026-06-01 21:17:15,TRACKING,5,0,62.5,4.16,11.1
2026-06-01 21:17:20,ANALYSING,5,0,62.5,4.39,11.0
2026-06-01 21:17:26,ANALYSING,5,0,62.5,4.67,10.9
2026-06-01 21:17:31,ANALYSING,5,0,62.6,7.68,10.9
2026-06-01 21:17:36,TRACKING,4,0,62.6,9.16,10.6
2026-06-01 21:17:41,ANALYSING,4,0,62.6,9.01,10.5
2026-06-01 21:17:46,TRACKING,4,0,62.6,8.44,10.4
2026-06-01 21:17:51,TRACKING,5,0,62.6,8.48,10.4
2026-06-01 21:17:56,TRACKING,4,0,62.6,8.13,10.4
2026-06-01 21:18:01,TRACKING,6,0,62.4,8.06,10.4
2026-06-01 21:18:06,ANALYSING,7,0,62.4,7.14,10.4
2026-06-01 21:18:11,ANALYSING,4,0,62.4,5.7,10.6
2026-06-01 21:18:17,ANALYSING,4,0,62.4,6.22,10.6
2026-06-01 21:18:22,ANALYSING,3,0,62.4,6.5,10.7
2026-06-01 21:18:27,TRACKING,3,0,62.5,5.1,10.6
2026-06-01 21:18:32,ANALYSING,4,0,62.5,4.36,10.4
2026-06-01 21:18:37,TRACKING,5,0,62.5,5.05,10.5
2026-06-01 21:18:43,ANALYSING,5,0,62.5,5.43,10.4
2026-06-01 21:18:48,ANALYSING,5,0,62.6,6.99,10.6
2026-06-01 21:18:53,ANALYSING,5,0,62.6,7.01,10.6
2026-06-01 21:18:58,TRACKING,5,0,62.6,6.55,10.6
2026-06-01 21:19:03,ANALYSING,5,0,62.6,6.99,10.6
2026-06-01 21:19:08,TRACKING,5,0,62.5,5.5,10.7
2026-06-01 21:19:13,ANALYSING,5,0,62.9,4.97,10.7
2026-06-01 21:19:18,TRACKING,5,0,62.9,5.92,10.6
2026-06-01 21:19:23,ANALYSING,6,0,62.9,8.48,10.6
2026-06-01 21:19:28,TRACKING,6,0,62.9,9.4,10.6
2026-06-01 21:19:33,TRACKING,5,0,62.8,8.59,10.5
2026-06-01 21:19:39,ANALYSING,6,0,62.8,7.08,10.5
2026-06-01 21:19:44,ANALYSING,5,0,62.8,7.52,10.6
2026-06-01 21:19:49,TRACKING,5,0,62.8,8.29,10.7
2026-06-01 21:19:54,ANALYSING,5,0,63.0,8.91,10.7
2026-06-01 21:19:59,ANALYSING,4,0,63.0,8.18,10.6
2026-06-01 21:20:04,ANALYSING,5,0,62.9,5.77,10.6
2026-06-01 21:20:09,ANALYSING,5,0,63.0,6.5,10.0
2026-06-01 21:20:14,TRACKING,5,0,63.0,6.74,10.1
2026-06-01 21:20:20,ANALYSING,5,0,63.0,6.6,10.2
2026-06-01 21:20:26,ANALYSING,5,0,63.0,6.01,10.4
2026-06-01 21:20:31,ANALYSING,6,0,63.1,5.74,10.4
2026-06-01 21:20:37,ANALYSING,6,0,63.1,5.49,10.3
2026-06-01 21:20:42,ANALYSING,6,0,63.1,5.64,10.3
2026-06-01 21:20:47,ANALYSING,5,0,63.1,7.23,10.2
2026-06-01 21:20:52,ANALYSING,4,0,63.1,8.19,10.3
2026-06-01 21:20:58,ANALYSING,4,0,63.1,8.83,10.3
2026-06-01 21:21:03,ANALYSING,4,0,63.1,8.55,9.7
2026-06-01 21:21:08,ANALYSING,4,0,63.1,8.55,9.7
2026-06-01 21:21:13,ANALYSING,4,0,63.1,8.33,9.7
2026-06-01 21:21:19,ANALYSING,4,0,63.1,8.62,9.6
2026-06-01 21:21:24,ANALYSING,4,0,63.2,6.4,9.7
2026-06-01 21:21:29,ANALYSING,4,0,63.2,5.81,9.8
2026-06-01 21:21:35,ANALYSING,4,0,63.2,6.1,9.7
2026-06-01 21:21:40,ANALYSING,4,0,63.2,5.94,9.8
2026-06-01 21:21:45,ANALYSING,4,0,63.2,6.15,9.8
2026-06-01 21:21:51,ANALYSING,4,0,63.2,6.15,9.7
2026-06-01 21:21:57,ANALYSING,4,0,63.2,7.79,9.5
2026-06-01 21:22:02,ANALYSING,3,0,63.2,7.92,9.4
2026-06-01 21:22:08,ANALYSING,3,0,63.2,8.78,9.5
2026-06-01 21:22:13,ANALYSING,3,0,63.2,8.44,9.5
2026-06-01 21:22:19,ANALYSING,3,0,63.2,6.72,9.4
2026-06-01 21:22:25,ANALYSING,3,0,63.2,7.2,9.5
2026-06-01 21:22:30,ANALYSING,3,0,63.2,8.51,9.4
2026-06-01 21:22:36,ANALYSING,3,0,63.2,7.69,9.6
2026-06-01 21:22:41,ANALYSING,3,0,63.2,7.19,9.5
2026-06-01 21:22:46,ANALYSING,3,0,63.4,8.79,9.5
2026-06-01 21:22:52,ANALYSING,3,0,63.4,7.82,10.1
2026-06-01 21:22:57,TRACKING,3,0,63.4,8.79,9.9
2026-06-01 21:23:02,ANALYSING,3,0,63.4,8.97,10.0
2026-06-01 21:23:07,ANALYSING,3,0,63.4,8.03,10.0
2026-06-01 21:23:12,TRACKING,3,0,63.4,6.53,9.8
2026-06-01 21:23:17,ANALYSING,3,0,63.3,6.29,9.8
2026-06-01 21:23:23,ANALYSING,3,0,63.3,7.66,9.6
2026-06-01 21:23:28,ANALYSING,3,0,63.3,8.9,9.8
2026-06-01 21:23:33,ANALYSING,3,0,63.3,9.63,9.9
2026-06-01 21:23:38,TRACKING,3,0,63.4,8.37,10.0
2026-06-01 21:23:43,TRACKING,3,0,63.4,6.41,10.0
2026-06-01 21:23:48,TRACKING,3,0,63.4,4.74,10.1
2026-06-01 21:23:53,ANALYSING,3,0,63.4,3.27,10.1
2026-06-01 21:23:59,ANALYSING,3,0,63.4,3.96,10.1
2026-06-01 21:24:04,ANALYSING,3,0,63.5,6.77,10.0
2026-06-01 21:24:09,ANALYSING,3,0,63.5,7.64,9.9
2026-06-01 21:24:14,ANALYSING,3,0,63.5,6.55,10.0
2026-06-01 21:24:20,ANALYSING,3,0,63.5,4.56,9.9
2026-06-01 21:24:25,TRACKING,3,0,63.6,4.8,9.9
2026-06-01 21:24:30,ANALYSING,3,0,63.6,5.68,9.9
2026-06-01 21:24:36,ANALYSING,3,0,63.6,5.74,9.9
2026-06-01 21:24:41,ANALYSING,4,0,63.6,5.68,9.9
2026-06-01 21:24:46,TRACKING,7,0,63.6,6.42,10.2
2026-06-01 21:24:51,ANALYSING,6,0,63.6,6.72,10.2
2026-06-01 21:24:56,TRACKING,6,0,63.6,5.04,10.1
2026-06-01 21:25:01,ANALYSING,7,0,63.6,4.65,10.0
2026-06-01 21:25:06,TRACKING,7,0,63.6,4.29,10.0
2026-06-01 21:25:11,TRACKING,6,0,63.7,5.32,10.2
2026-06-01 21:25:16,ANALYSING,6,0,63.7,5.09,10.1
2026-06-01 21:25:22,ANALYSING,5,0,63.7,5.05,10.0
2026-06-01 21:25:27,ANALYSING,5,0,63.7,5.19,9.9
2026-06-01 21:25:32,ANALYSING,4,0,63.7,5.41,9.8
2026-06-01 21:25:37,TRACKING,5,0,63.7,6.78,9.8
2026-06-01 21:25:42,ANALYSING,5,0,63.7,8.11,9.8
2026-06-01 21:25:47,TRACKING,5,0,63.7,6.29,9.9
2026-06-01 21:25:52,ANALYSING,5,0,63.6,6.43,9.9
2026-06-01 21:25:58,ANALYSING,5,0,63.6,7.15,9.8
2026-06-01 21:26:03,TRACKING,5,0,63.6,6.25,9.8
2026-06-01 21:26:08,TRACKING,5,0,63.6,6.04,9.9
2026-06-01 21:26:13,ANALYSING,5,0,63.6,8.71,10.1
2026-06-01 21:26:18,TRACKING,5,0,63.7,9.37,10.0
2026-06-01 21:26:23,TRACKING,5,0,63.7,8.72,9.8
2026-06-01 21:26:28,ANALYSING,5,0,63.7,6.85,9.8
2026-06-01 21:26:33,TRACKING,5,0,63.7,5.97,9.6
2026-06-01 21:26:38,ANALYSING,5,0,63.7,6.12,9.9
2026-06-01 21:26:43,TRACKING,5,0,63.7,5.67,10.0
2026-06-01 21:26:49,ANALYSING,4,0,63.7,5.14,10.1
2026-06-01 21:26:54,ANALYSING,3,0,63.7,7.26,10.2
2026-06-01 21:26:59,TRACKING,3,0,63.8,8.9,9.8
2026-06-01 21:27:04,TRACKING,3,0,63.8,7.86,9.8
2026-06-01 21:27:09,ANALYSING,5,0,63.8,6.58,9.7
2026-06-01 21:27:14,TRACKING,5,0,63.8,4.2,9.6
2026-06-01 21:27:19,ANALYSING,5,0,63.8,3.81,9.7
2026-06-01 21:27:25,TRACKING,5,0,63.6,3.49,9.8
2026-06-01 21:27:30,TRACKING,5,0,63.6,4.32,9.7
2026-06-01 21:27:35,ANALYSING,4,0,63.6,5.18,9.7
2026-06-01 21:27:40,ANALYSING,7,0,63.6,5.49,9.5
2026-06-01 21:27:45,TRACKING,6,0,63.9,7.07,9.4
2026-06-01 21:27:50,TRACKING,6,0,63.9,5.91,9.4
2026-06-01 21:27:55,ANALYSING,7,0,63.9,5.55,9.2
2026-06-01 21:28:00,ANALYSING,5,0,63.9,3.93,9.2
2026-06-01 21:28:05,ANALYSING,4,0,63.8,3.45,9.0
2026-06-01 21:28:11,ANALYSING,4,0,63.8,2.93,9.0
2026-06-01 21:28:16,TRACKING,3,0,63.9,4.26,8.9
2026-06-01 21:28:21,TRACKING,3,0,63.9,5.0,8.5
2026-06-01 21:28:26,ANALYSING,3,0,63.9,4.9,8.6
2026-06-01 21:28:31,ANALYSING,3,0,63.9,4.99,8.6
2026-06-01 21:28:37,ANALYSING,3,0,63.9,5.2,8.6
2026-06-01 21:28:42,ANALYSING,3,0,63.8,5.89,8.6
2026-06-01 21:28:47,TRACKING,3,0,63.8,5.89,8.7
2026-06-01 21:28:52,ANALYSING,3,0,63.8,6.0,8.7
2026-06-01 21:28:57,ANALYSING,3,0,63.8,5.83,8.7
2026-06-01 21:29:02,ANALYSING,3,0,63.8,6.18,8.7
2026-06-01 21:29:08,ANALYSING,3,0,63.8,4.96,8.6
2026-06-01 21:29:13,TRACKING,3,0,63.8,4.7,8.6
2026-06-01 21:29:18,ANALYSING,3,0,63.8,4.56,8.7
2026-06-01 21:29:23,TRACKING,3,0,63.8,3.39,8.7
2026-06-01 21:29:28,ANALYSING,3,0,63.9,3.12,8.9
2026-06-01 21:29:33,TRACKING,3,0,63.9,3.11,8.9
2026-06-01 21:29:38,ANALYSING,3,0,63.9,4.85,8.9
2026-06-01 21:29:43,ANALYSING,3,0,63.9,5.4,8.8
2026-06-01 21:29:48,ANALYSING,3,0,64.1,6.09,9.1
2026-06-01 21:29:54,TRACKING,3,0,64.1,6.54,9.2
2026-06-01 21:29:59,ANALYSING,3,0,64.1,5.47,9.2
2026-06-01 21:30:04,TRACKING,3,0,64.1,5.67,9.2
2026-06-01 21:30:09,ANALYSING,3,0,64.1,5.59,9.5
2026-06-01 21:30:15,ANALYSING,3,1,63.8,5.74,9.4
2026-06-01 21:30:20,ANALYSING,3,0,63.8,6.56,9.2
2026-06-01 21:30:25,TRACKING,3,0,63.9,5.31,9.3
2026-06-01 21:30:31,ANALYSING,3,0,63.9,4.44,9.2
2026-06-01 21:30:36,TRACKING,3,0,64.1,3.72,9.3
2026-06-01 21:30:41,ANALYSING,3,0,64.1,5.23,9.3
2026-06-01 21:30:46,TRACKING,3,0,64.1,6.53,9.5
2026-06-01 21:30:52,ANALYSING,3,1,64.1,6.17,9.5
2026-06-01 21:30:57,TRACKING,4,0,64.4,5.11,9.7
2026-06-01 21:31:02,TRACKING,4,0,64.4,5.77,10.3
2026-06-01 21:31:08,TRACKING,4,0,64.4,6.31,10.4
2026-06-01 21:31:13,ANALYSING,4,0,64.4,9.63,10.4
2026-06-01 21:31:18,TRACKING,4,0,64.3,10.15,10.2
2026-06-01 21:31:23,ANALYSING,3,0,64.3,6.84,10.1
2026-06-01 21:31:28,TRACKING,3,0,64.3,7.39,10.0
2026-06-01 21:31:33,ANALYSING,3,0,64.4,6.39,9.8
2026-06-01 21:31:38,ANALYSING,3,0,64.4,5.48,9.8
2026-06-01 21:31:44,ANALYSING,3,0,64.4,5.19,9.6
2026-06-01 21:31:49,ANALYSING,3,0,64.4,5.76,9.5
2026-06-01 21:31:54,TRACKING,4,0,64.4,6.97,9.6
2026-06-01 21:31:59,TRACKING,5,0,64.4,6.09,9.7
2026-06-01 21:32:04,ANALYSING,4,0,64.4,6.32,9.8
2026-06-01 21:32:09,TRACKING,5,0,64.4,7.56,9.8
2026-06-01 21:32:15,ANALYSING,4,0,64.4,9.67,9.8
2026-06-01 21:32:20,ANALYSING,4,1,64.4,9.86,9.5
2026-06-01 21:32:25,TRACKING,4,0,64.3,8.9,9.5
2026-06-01 21:32:30,ANALYSING,4,0,64.3,9.79,9.6
2026-06-01 21:32:35,ANALYSING,6,0,64.3,9.01,9.4
2026-06-01 21:32:41,ANALYSING,6,0,64.3,8.74,9.5
2026-06-01 21:32:46,TRACKING,6,0,64.3,8.42,9.5
2026-06-01 21:32:51,ANALYSING,7,0,64.3,7.83,9.5
2026-06-01 21:32:56,TRACKING,6,0,64.3,7.82,9.6
2026-06-01 21:33:02,ANALYSING,6,0,64.3,6.13,9.6
2026-06-01 21:33:07,TRACKING,5,0,64.3,5.59,9.7
2026-06-01 21:33:12,TRACKING,5,0,64.3,6.4,9.8
2026-06-01 21:33:17,ANALYSING,4,0,64.3,6.57,9.8
2026-06-01 21:33:22,ANALYSING,3,0,64.3,6.64,9.9
2026-06-01 21:33:27,TRACKING,5,0,64.3,6.23,9.9
2026-06-01 21:33:32,ANALYSING,5,0,64.3,7.14,10.0
2026-06-01 21:33:37,TRACKING,5,0,64.3,7.17,9.9
2026-06-01 21:33:43,ANALYSING,5,0,64.3,8.3,10.0
2026-06-01 21:33:48,ANALYSING,5,0,64.3,6.57,10.1
2026-06-01 21:33:53,TRACKING,5,0,64.2,4.34,10.0
2026-06-01 21:33:59,ANALYSING,5,0,64.1,5.47,9.9
2026-06-01 21:34:04,TRACKING,5,0,64.1,5.57,9.9
2026-06-01 21:34:09,ANALYSING,5,0,63.9,6.35,10.1
2026-06-01 21:34:14,ANALYSING,6,0,63.9,5.9,10.1
2026-06-01 21:34:19,TRACKING,6,0,63.9,6.07,10.2
2026-06-01 21:34:24,ANALYSING,5,0,64.0,8.17,10.4
2026-06-01 21:34:29,TRACKING,5,0,64.0,9.26,10.3
2026-06-01 21:34:34,ANALYSING,4,0,64.1,12.35,10.2
2026-06-01 21:34:39,TRACKING,4,0,64.1,12.84,10.3
2026-06-01 21:34:44,ANALYSING,5,0,64.1,9.7,10.2
2026-06-01 21:34:49,ANALYSING,5,0,64.1,7.08,10.1
2026-06-01 21:34:55,TRACKING,4,0,64.2,6.91,9.9
2026-06-01 21:35:00,ANALYSING,4,0,64.0,7.22,9.9
2026-06-01 21:35:05,TRACKING,4,0,64.0,10.03,9.9
2026-06-01 21:35:10,ANALYSING,3,0,64.0,10.29,9.9
2026-06-01 21:35:15,ANALYSING,3,0,63.9,10.85,10.0
2026-06-01 21:35:20,TRACKING,3,0,63.9,11.76,10.0
2026-06-01 21:35:25,ANALYSING,3,0,63.9,11.52,10.0
2026-06-01 21:35:30,ANALYSING,4,0,63.9,9.37,10.0
2026-06-01 21:35:35,TRACKING,4,0,64.0,6.49,9.7
2026-06-01 21:35:40,ANALYSING,4,0,64.0,6.85,9.7
2026-06-01 21:35:45,TRACKING,4,0,64.0,7.09,9.4
2026-06-01 21:35:51,ANALYSING,4,0,64.0,7.12,9.5
2026-06-01 21:35:56,TRACKING,6,0,63.7,7.77,9.6
2026-06-01 21:36:01,ANALYSING,7,0,63.7,7.95,9.4
2026-06-01 21:36:06,TRACKING,6,0,63.7,7.04,9.1
2026-06-01 21:36:11,ANALYSING,5,0,63.7,5.94,9.2
2026-06-01 21:36:16,TRACKING,5,0,63.8,5.86,9.1
2026-06-01 21:36:22,ANALYSING,7,0,63.8,6.31,9.2
2026-06-01 21:36:27,TRACKING,6,0,63.8,6.3,9.1
2026-06-01 21:36:32,ANALYSING,5,0,63.8,7.96,9.2
2026-06-01 21:36:37,TRACKING,5,0,63.8,8.31,9.2
2026-06-01 21:36:42,TRACKING,5,0,63.8,7.39,9.2
2026-06-01 21:36:48,ANALYSING,5,0,63.8,5.71,9.2
2026-06-01 21:36:54,ANALYSING,5,0,63.8,4.99,9.3
2026-06-01 21:36:59,TRACKING,5,0,63.7,5.85,9.2
2026-06-01 21:37:04,ANALYSING,4,0,63.8,6.58,9.3
2026-06-01 21:37:09,TRACKING,5,0,63.8,7.33,9.2
2026-06-01 21:37:14,ANALYSING,6,0,63.8,7.18,9.2
2026-06-01 21:37:19,TRACKING,5,0,63.7,7.28,9.2
2026-06-01 21:37:24,ANALYSING,5,0,63.7,8.93,9.1
2026-06-01 21:37:29,TRACKING,5,0,63.7,8.59,9.3
2026-06-01 21:37:35,ANALYSING,5,0,63.7,6.03,9.3
2026-06-01 21:37:40,TRACKING,5,0,63.6,6.09,9.3
2026-06-01 21:37:46,ANALYSING,5,1,63.6,6.12,9.5
2026-06-01 21:37:51,TRACKING,5,0,63.6,6.11,9.6
2026-06-01 21:37:56,TRACKING,5,0,63.6,5.21,9.6
2026-06-01 21:38:01,TRACKING,5,0,63.6,5.43,9.8
2026-06-01 21:38:06,ANALYSING,5,1,63.6,6.99,9.6
2026-06-01 21:38:11,TRACKING,5,0,63.6,7.59,9.5
2026-06-01 21:38:16,ANALYSING,5,0,63.6,7.76,9.5
2026-06-01 21:38:21,ANALYSING,5,0,63.6,8.26,9.4
2026-06-01 21:38:26,TRACKING,5,0,63.6,7.48,9.9
2026-06-01 21:38:31,ANALYSING,5,0,63.6,7.23,10.0
2026-06-01 21:38:37,TRACKING,5,0,63.7,9.07,10.1
2026-06-01 21:38:42,ANALYSING,5,0,63.9,9.23,10.2
2026-06-01 21:38:47,TRACKING,4,0,63.9,8.96,10.1
2026-06-01 21:38:52,ANALYSING,3,0,63.9,8.02,10.5
2026-06-01 21:38:57,TRACKING,3,0,63.4,7.15,10.3
2026-06-01 21:39:02,TRACKING,3,0,63.1,7.64,10.3
2026-06-01 21:39:07,TRACKING,3,0,62.9,7.35,10.2
2026-06-01 21:39:12,TRACKING,3,0,62.7,7.09,10.3
2026-06-01 21:39:17,ANALYSING,3,0,62.7,7.19,10.4
2026-06-01 21:39:23,ANALYSING,3,0,62.2,7.38,10.4
2026-06-01 21:39:28,TRACKING,3,0,62.2,7.42,10.3
2026-06-01 21:39:34,ANALYSING,3,0,62.2,7.65,10.3
2026-06-01 21:39:39,ANALYSING,3,0,62.2,7.56,10.3
2026-06-01 21:39:44,TRACKING,3,0,62.3,7.85,10.3
2026-06-01 21:39:49,ANALYSING,3,0,62.7,8.51,10.3
2026-06-01 21:39:54,TRACKING,3,0,62.7,8.27,10.1
2026-06-01 21:39:59,ANALYSING,3,0,62.7,7.4,10.2
2026-06-01 21:40:04,ANALYSING,3,0,62.8,7.03,10.4
2026-06-01 21:40:09,ANALYSING,3,0,62.9,7.45,10.5
2026-06-01 21:40:15,TRACKING,3,0,63.0,6.92,10.6
2026-06-01 21:40:20,TRACKING,3,0,63.0,7.42,10.6
2026-06-01 21:40:25,TRACKING,3,0,63.0,7.6,10.6
2026-06-01 21:40:30,TRACKING,3,0,63.0,7.75,10.9
2026-06-01 21:40:35,TRACKING,3,0,63.0,7.32,10.9
2026-06-01 21:40:40,ANALYSING,3,0,63.1,6.59,11.0
2026-06-01 21:40:45,TRACKING,3,0,63.1,6.72,10.8
2026-06-01 21:40:50,TRACKING,3,0,63.1,7.86,10.8
2026-06-01 21:40:55,TRACKING,3,0,63.2,7.53,11.1
2026-06-01 21:41:00,TRACKING,3,0,63.5,8.14,11.1
2026-06-01 21:41:05,ANALYSING,3,0,63.5,7.55,11.1
2026-06-01 21:41:10,TRACKING,3,0,63.5,7.73,11.0
2026-06-01 21:41:15,ANALYSING,3,0,63.5,8.2,11.1
2026-06-01 21:41:21,ANALYSING,3,0,63.5,8.13,11.1
2026-06-01 21:41:26,ANALYSING,3,0,63.4,7.56,11.0
2026-06-01 21:41:31,ANALYSING,3,0,63.4,8.99,11.0
2026-06-01 21:41:36,ANALYSING,3,0,63.4,10.71,10.9
2026-06-01 21:41:41,ANALYSING,3,0,63.4,10.81,10.3
2026-06-01 21:41:46,ANALYSING,3,0,63.4,10.49,10.3
2026-06-01 21:41:51,TRACKING,3,0,63.5,9.32,10.4
2026-06-01 21:41:57,ANALYSING,3,0,63.5,8.42,10.5
2026-06-01 21:42:02,ANALYSING,3,0,63.5,7.58,10.4
2026-06-01 21:42:07,TRACKING,3,0,63.5,6.99,10.4
2026-06-01 21:42:12,TRACKING,3,1,63.4,8.67,10.4
2026-06-01 21:42:17,TRACKING,3,0,63.4,10.52,10.4
2026-06-01 21:42:22,TRACKING,3,0,63.4,12.32,10.4
2026-06-01 21:42:27,ANALYSING,4,0,63.4,12.99,9.9
2026-06-01 21:42:32,TRACKING,4,0,63.4,10.84,9.9
2026-06-01 21:42:37,TRACKING,3,0,63.4,8.78,9.9
2026-06-01 21:42:43,ANALYSING,4,0,63.4,7.89,9.9
2026-06-01 21:42:48,ANALYSING,5,0,63.4,7.52,10.0
2026-06-01 21:42:53,ANALYSING,4,0,63.4,8.05,9.9
2026-06-01 21:42:58,TRACKING,4,0,63.2,8.74,9.7
2026-06-01 21:43:03,TRACKING,2,0,63.2,8.29,9.7
2026-06-01 21:43:08,ANALYSING,3,0,63.2,9.71,9.7
2026-06-01 21:43:13,TRACKING,1,0,63.2,10.1,9.8
2026-06-01 21:43:18,ANALYSING,1,0,63.3,9.1,9.6
2026-06-01 21:43:23,TRACKING,3,0,63.3,8.94,9.5
2026-06-01 21:43:29,ANALYSING,3,0,63.3,8.64,9.5
2026-06-01 21:43:34,TRACKING,2,0,63.3,8.5,9.5
2026-06-01 21:43:39,ANALYSING,3,0,63.3,8.63,9.6
2026-06-01 21:43:44,TRACKING,2,0,63.3,8.34,9.4
2026-06-01 21:43:49,ANALYSING,2,0,63.3,8.55,9.4
2026-06-01 21:43:54,TRACKING,0,0,63.3,9.12,9.4
2026-06-01 21:43:59,ANALYSING,2,0,63.3,10.69,9.5
2026-06-01 21:44:04,TRACKING,2,0,63.3,8.29,9.3
2026-06-01 21:44:09,ANALYSING,3,0,63.3,6.7,9.3
2026-06-01 21:44:14,TRACKING,3,0,63.3,6.56,9.0
2026-06-01 21:44:20,ANALYSING,2,0,63.3,6.79,9.1
2026-06-01 21:44:25,TRACKING,3,0,63.2,6.6,9.6
2026-06-01 21:44:30,ANALYSING,3,0,63.2,7.48,9.7
2026-06-01 21:44:35,TRACKING,4,0,63.2,8.27,9.8
2026-06-01 21:44:41,ANALYSING,4,0,63.2,9.46,9.7
2026-06-01 21:44:46,ANALYSING,4,0,63.1,8.73,9.7
2026-06-01 21:44:51,TRACKING,3,0,63.1,6.32,9.6
2026-06-01 21:44:56,TRACKING,4,0,63.1,6.1,9.5
2026-06-01 21:45:01,ANALYSING,4,0,63.1,5.48,9.6
2026-06-01 21:45:06,ANALYSING,5,0,63.0,5.85,9.6
2026-06-01 21:45:11,TRACKING,5,0,63.0,6.47,10.1
2026-06-01 21:45:16,ANALYSING,4,0,63.0,7.25,10.0
2026-06-01 21:45:22,TRACKING,5,0,63.0,6.83,10.1
2026-06-01 21:45:27,ANALYSING,5,0,63.0,6.53,10.0
2026-06-01 21:45:32,TRACKING,4,0,62.9,6.15,10.0
2026-06-01 21:45:37,ANALYSING,4,0,62.9,6.24,10.0
2026-06-01 21:45:42,TRACKING,5,1,62.9,7.28,10.1
2026-06-01 21:45:47,ANALYSING,5,1,62.9,8.9,10.1
2026-06-01 21:45:53,ANALYSING,3,0,62.9,9.82,10.2
2026-06-01 21:45:58,ANALYSING,4,0,62.9,9.64,10.1
2026-06-01 21:46:03,TRACKING,4,0,62.9,9.07,10.0
2026-06-01 21:46:08,ANALYSING,5,0,62.9,7.85,10.0
2026-06-01 21:46:13,TRACKING,4,0,62.8,7.42,10.3
2026-06-01 21:46:18,TRACKING,5,0,62.8,6.65,10.3
2026-06-01 21:46:23,ANALYSING,4,0,62.8,6.51,10.1
2026-06-01 21:46:28,TRACKING,3,0,62.8,6.37,10.1
2026-06-01 21:46:33,TRACKING,3,0,62.8,5.34,10.0
2026-06-01 21:46:38,TRACKING,3,1,62.8,5.95,10.3
2026-06-01 21:46:44,ANALYSING,3,0,62.8,6.81,10.2
2026-06-01 21:46:49,TRACKING,3,0,62.8,6.71,10.1
2026-06-01 21:46:54,TRACKING,3,0,62.8,6.53,10.3
2026-06-01 21:46:59,TRACKING,2,0,62.7,6.87,10.4
2026-06-01 21:47:04,TRACKING,2,0,62.7,6.3,10.6
2026-06-01 21:47:09,ANALYSING,2,0,62.7,5.38,10.6
2026-06-01 21:47:15,ANALYSING,2,0,62.7,5.38,10.6
2026-06-01 21:47:20,TRACKING,2,0,62.6,4.64,10.7
2026-06-01 21:47:25,ANALYSING,1,0,62.6,5.58,10.5
2026-06-01 21:47:30,TRACKING,3,0,62.6,5.66,10.4
2026-06-01 21:47:35,ANALYSING,2,0,62.6,5.94,10.4
2026-06-01 21:47:40,ANALYSING,2,0,62.5,5.56,10.5
2026-06-01 21:47:45,TRACKING,1,0,62.5,4.92,10.8
2026-06-01 21:47:50,ANALYSING,1,0,62.5,5.0,10.9
2026-06-01 21:47:55,TRACKING,1,0,62.5,5.47,10.9
2026-06-01 21:48:00,TRACKING,2,0,62.6,5.7,10.8
2026-06-01 21:48:05,ANALYSING,1,0,62.6,6.36,10.8
2026-06-01 21:48:10,TRACKING,1,0,62.6,6.3,10.9
2026-06-01 21:48:16,ANALYSING,1,0,62.6,6.69,10.9
2026-06-01 21:48:21,ANALYSING,1,0,62.4,7.13,10.9
2026-06-01 21:48:26,ANALYSING,1,0,62.4,6.21,10.9
2026-06-01 21:48:31,TRACKING,1,0,62.4,6.19,10.9
2026-06-01 21:48:36,ANALYSING,1,0,62.4,5.34,11.0
2026-06-01 21:48:41,ANALYSING,1,1,62.4,5.34,11.0
2026-06-01 21:48:46,TRACKING,1,0,62.4,4.99,10.7
2026-06-01 21:48:51,ANALYSING,1,0,62.4,5.23,10.7
2026-06-01 21:48:57,TRACKING,1,0,62.4,6.19,10.7
2026-06-01 21:49:02,ANALYSING,1,0,62.4,6.38,10.6
2026-06-01 21:49:07,TRACKING,1,0,62.4,6.96,10.6
2026-06-01 21:49:13,ANALYSING,1,0,62.4,7.59,10.8
2026-06-01 21:49:18,ANALYSING,1,0,62.4,6.6,10.8
2026-06-01 21:49:23,TRACKING,1,0,62.4,6.46,10.8
2026-06-01 21:49:28,ANALYSING,1,0,62.3,6.13,11.0
2026-06-01 21:49:33,ANALYSING,1,0,62.3,5.72,10.9
2026-06-01 21:49:38,TRACKING,1,0,62.3,5.47,10.9
2026-06-01 21:49:43,TRACKING,1,0,62.3,5.3,10.9
2026-06-01 21:49:48,ANALYSING,1,0,62.3,5.88,11.0
2026-06-01 21:49:53,ANALYSING,3,0,62.2,6.12,11.1
2026-06-01 21:49:58,ANALYSING,2,0,62.2,6.07,11.0
2026-06-01 21:50:03,TRACKING,2,0,62.2,5.86,11.0
2026-06-01 21:50:08,TRACKING,2,0,62.2,4.52,10.9
2026-06-01 21:50:13,TRACKING,3,0,62.2,4.84,10.5
2026-06-01 21:50:19,TRACKING,3,0,62.2,5.56,10.8
2026-06-01 21:50:24,ANALYSING,3,0,62.2,6.13,10.7
2026-06-01 21:50:29,TRACKING,1,0,62.2,6.68,10.8
2026-06-01 21:50:34,TRACKING,1,0,62.2,6.95,10.8
2026-06-01 21:50:39,ANALYSING,1,0,62.2,6.64,10.8
2026-06-01 21:50:44,TRACKING,1,0,62.2,6.9,10.7
2026-06-01 21:50:49,ANALYSING,1,0,62.2,7.34,10.6
2026-06-01 21:50:55,ANALYSING,2,0,62.2,7.35,10.6
2026-06-01 21:51:00,ANALYSING,2,0,62.2,7.46,10.7
2026-06-01 21:51:05,ANALYSING,2,1,62.2,6.45,10.6
2026-06-01 21:51:10,TRACKING,1,0,62.2,5.43,10.4
2026-06-01 21:51:15,TRACKING,2,0,62.2,4.58,10.4
2026-06-01 21:51:20,TRACKING,1,0,62.1,4.48,10.5
